지점,일시,평균기온(°C),최저기온(°C),최저기온 시각(hhmi),최고기온(°C),최고기온 시각(hhmi),강수 계속시간(hr),10분 최다 강수량(mm),10분 최다강수량 시각(hhmi),1시간 최다강수량(mm),1시간 최다 강수량 시각(hhmi),일강수량(mm),최대 순간 풍속(m/s),최대 순간 풍속 풍향(16방위),최대 순간풍속 시각(hhmi),최대 풍속(m/s),최대 풍속 풍향(16방위),최대 풍속 시각(hhmi),평균 풍속(m/s),풍정합(100m),평균 이슬점온도(°C),최소 상대습도(%),최소 상대습도 시각(hhmi),평균 상대습도(%),평균 증기압(hPa),평균 현지기압(hPa),최고 해면기압(hPa),최고 해면기압 시각(hhmi),최저 해면기압(hPa),최저 해면기압 시각(hhmi),평균 해면기압(hPa),가조시간(hr),합계 일조시간(hr),1시간 최다일사 시각(hhmi),1시간 최다일사량(MJ/m2),합계 일사량(MJ/m2),일 최심신적설(cm),일 최심신적설 시각(hhmi),일 최심적설(cm),일 최심적설 시각(hhmi),합계 3시간 신적설(cm),평균 전운량(1/10),평균 중하층운량(1/10),평균 지면온도(°C),최저 초상온도(°C),평균 5cm 지중온도(°C),평균 10cm 지중온도(°C),평균 20cm 지중온도(°C),평균 30cm 지중온도(°C),0.5m 지중온도(°C),1.0m 지중온도(°C),1.5m 지중온도(°C),3.0m 지중온도(°C),5.0m 지중온도(°C),합계 대형증발량(mm),합계 소형증발량(mm),9-9강수(mm),안개 계속시간(hr)
90,2019-01-01,-1.5,-5.8,505,2.4,1238,,,,,,,10.9,290,1649,5.9,290,1653,1.7,1471,-20.1,13,41,23.6,1.3,1026.3,1031.4,18,1025.7,1357,1028.6,9.6,6.7,,,,,,,,,3.5,2.9,-3.1,-8.2,,,,,,,,,,,,,
90,2019-01-02,-1.4,-6.3,753,4.5,1421,,,,,,,6.8,290,1202,3.5,290,1206,1.2,1064,-21.5,11,1357,20.9,1.1,1027.3,1031.8,918,1027.9,1417,1029.6,9.6,8.9,,,,,,,,,.1,0,-2.7,-9.9,,,,,,,,,,,,,
90,2019-01-03,-.4,-4.1,624,4.6,1300,,,,,,,6.6,290,532,3.4,290,453,1.5,1322,-17.3,13,1110,27.3,1.7,1029.2,1033.2,1006,1029.9,1,1031.5,9.6,8.9,,,,,,,,,.1,0,-1.7,-8.6,,,,,,,,,,,,,
90,2019-01-04,2.6,-3.1,404,6.3,1306,,,,,,,10.4,230,922,6,230,1010,2.3,1967,-13.3,17,1034,31.1,2.3,1023.9,1031.8,19,1022.1,2357,1026.2,9.6,4.3,,,,,,,,,5.1,3.6,.7,-6,,,,,,,,,,,,,
90,2019-01-05,.8,-3.3,1955,3.5,1251,,,,,,,10,270,104,4.1,270,140,2.2,1926,-14.2,18,1025,31.8,2.1,1021.8,1026.2,2313,1021.9,103,1024.1,9.6,8.8,,,,,,,,,1.3,.3,-.2,-6,,,,,,,,,,,,,
90,2019-01-06,.7,-2.6,451,5.5,1341,,,,,,,4.6,290,2037,2.5,290,248,1.3,1151,-12.9,21,2130,36.4,2.4,1023.8,1027.4,907,1024.6,1456,1026.1,9.6,6.6,,,,,,,,,2.5,.3,.4,-4.6,,,,,,,,,,,,,
90,2019-01-07,2,-2,640,6.2,1437,,,,,,,10.9,290,2326,6.7,290,2335,2.1,1856,-18.9,12,503,19.9,1.4,1021.9,1025.9,242,1022.4,1428,1024.2,9.6,8.4,,,,,,,,,3.3,3.3,.7,-4.7,,,,,,,,,,,,,
90,2019-01-08,-.4,-4.9,2359,3.9,1239,,,,,,,12.4,360,1634,6.2,290,1948,3.1,2668,-21.3,12,1114,19.5,1.2,1022.3,1029.8,2348,1020.7,1405,1024.6,9.7,8.9,,,,,,,,,.4,0,-.3,-9.7,,,,,,,,,,,,,
90,2019-01-09,-1.7,-7.5,741,3.7,2334,,,,,,,9.8,200,2347,4.9,290,2248,1.4,1238,-21.4,5,2332,22.8,1.2,1026.9,1033.9,856,1022.5,2358,1029.2,9.7,8.6,,,,,,,,,3.8,.9,-2.5,-9.7,,,,,,,,,,,,,
90,2019-01-10,3.5,.5,2318,7.8,1300,,,,,,,11.1,250,1646,4.8,250,1655,2.2,1867,-17.1,4,55,23.6,1.9,1017.6,1022.8,5,1017.3,1328,1019.8,9.7,7,,,,,,,,,3.8,3.5,2.9,-3,,,,,,,,,,,,,
90,2019-01-11,1.9,-2.2,346,6.5,1350,,,,,,,4.3,270,258,2.8,290,704,1.4,1242,-6.3,39,33,54.9,3.8,1022.5,1027,1035,1021.9,1,1024.8,9.7,6.7,,,,,,,,,4,3.3,1.8,-4.9,,,,,,,,,,,,,
90,2019-01-12,2.4,-.8,2305,6.5,1252,,,,,,,6.2,360,1456,4.1,360,1545,1.6,1416,-1.8,63,951,73.9,5.4,1020.3,1023.7,2305,1020.7,1337,1022.6,9.7,.5,,,,,,,,,6.5,5.5,1.8,-2.9,,,,,,,,,,,,,
90,2019-01-13,2.6,-1.6,37,8.5,1244,,,,,,,3.6,20,1333,2.3,290,237,1.2,1043,-3.8,41,1112,64,4.7,1021.8,1025.2,1007,1023,1336,1024.1,9.8,8.7,,,,,,,,,.1,0,2.1,-3.4,,,,,,,,,,,,,
90,2019-01-14,3.9,-2.2,631,8,1307,,,,,,,4.9,320,2332,3.2,290,2339,1.4,1184,-7.7,32,1905,42.5,3.5,1020.6,1025.3,922,1019.7,2355,1022.8,9.8,7.1,,,,,,,,,3.8,2.9,1.9,-3.9,,,,,,,,,,,,,
90,2019-01-15,1.2,-4.2,2354,4.9,1239,,,,,,,12.9,270,543,7.3,290,551,2.6,2263,-11.5,30,2142,38.1,2.6,1017.4,1024.1,2336,1017,525,1019.7,9.8,7.7,,,,,,,,,2.6,1.8,1.7,-7.7,,,,,,,,,,,,,
90,2019-01-16,-2.4,-9,644,3.7,1421,,,,,,,10.7,290,1540,5.6,290,1641,1.8,1570,-17.9,11,1424,32.6,1.5,1018.8,1025.2,314,1018.4,1537,1021.1,9.8,7.7,,,,,,,,,1.6,1.4,-1.2,-10.9,,,,,,,,,,,,,
90,2019-01-17,2.5,-1.7,3,6.8,1325,,,,,,,10.4,290,456,5,290,1319,1.9,1658,-13.6,21,1548,30.3,2.2,1016.6,1023.5,2353,1016,1316,1018.8,9.8,9.1,,,,,,,,,1,0,1.2,-3.6,,,,,,,,,,,,,
90,2019-01-18,2.9,-2.8,345,9.1,1306,,,,,,,7,290,1513,3.7,290,1513,1.4,1240,-15.5,16,1253,25.4,1.8,1022,1025.9,900,1022.6,1358,1024.3,9.9,8.5,,,,,,,,,3.1,.6,-.4,-5.9,,,,,,,,,,,,,
90,2019-01-19,4.4,-2.1,543,8.5,1455,,,,,,,6.5,290,2134,3.5,290,2135,1.2,1072,-7.6,24,3,41.4,3.5,1018.4,1024.6,121,1016,2351,1020.6,9.9,1.8,,,,,,,,,8.5,5.3,4.2,-4.2,,,,,,,,,,,,,
90,2019-01-20,2.7,-1.4,2246,5.9,1,,,,,,,8.5,360,1351,4.3,340,1357,2.3,1983,-15.1,17,1527,26.6,2.1,1014.8,1019.8,2354,1013.9,524,1017,9.9,9,,,,,,,,,2.5,2.3,4.3,-4.7,,,,,,,,,,,,,
90,2019-01-21,1.7,-2.9,214,4.4,1400,,,,,,,12.8,270,1213,6.4,290,1553,2.9,2476,-12.2,19,821,35.8,2.6,1014.1,1019.7,1,1013.3,1612,1016.4,9.9,9,,,,,,,,,.5,.1,1.8,-5.4,,,,,,,,,,,,,
90,2019-01-22,4.2,-1.7,729,8.2,1350,,,,,,,10.9,290,1757,5.7,290,1526,2,1713,-11.5,18,1223,31.5,2.6,1013.4,1018,822,1013.1,2247,1015.6,10,9,,,,,,,,,1.3,.5,2.6,-5.8,,,,,,,,,,,,,
90,2019-01-23,4.8,.6,2259,9.7,1515,,,,,,,11.7,270,141,5.1,270,142,2.1,1847,-11.9,17,1544,29.9,2.6,1014.3,1021.9,2355,1012.8,124,1016.6,10,9.1,,,,,,,,,.1,0,4.6,-3.6,,,,,,,,,,,,,
90,2019-01-24,1.4,-3,713,5.7,1437,,,,,,,7.1,360,126,3.6,340,129,1.5,1310,-13,14,1030,34.4,2.4,1020.5,1024.2,931,1021.4,1428,1022.8,10,9.1,,,,,,,,,1,0,2.7,-5.1,,,,,,,,,,,,,
90,2019-01-25,-.1,-3.5,429,4.1,1147,,,,,,,15.1,360,1450,9.9,340,1518,2.8,2398,-13.9,13,1005,36.6,2.3,1019.4,1023.8,2343,1019.2,1253,1021.7,10.1,9.1,,,,,,,,,3.3,1,0,-5.9,,,,,,,,,,,,,
90,2019-01-26,-.2,-4,549,4.6,1544,,,,,,,6.6,360,258,3.4,340,300,1.7,1499,-15.1,20,2024,32.1,2,1022.7,1026.9,1047,1023.5,100,1025,10.1,9.2,,,,,,,,,1.8,0,1.1,-5.7,,,,,,,,,,,,,
90,2019-01-27,2.7,-3.6,731,9.6,1243,,,,,,,13.3,290,1301,7,290,1530,2.4,2070,-16.2,6,1236,26,1.9,1019.6,1025.8,19,1016.8,2334,1021.9,10.1,7.1,,,,,,,,,4.5,3.5,-.2,-6.8,,,,,,,,,,,,,
90,2019-01-28,3,-1.4,2221,6.2,1333,,,,,,,15,290,1012,8.2,290,1021,2.7,2360,-13.1,17,1522,31.5,2.4,1016,1024.6,2348,1014.3,1000,1018.3,10.1,8.8,,,,,,,,,2.6,1.8,4.6,-5.3,,,,,,,,,,,,,
90,2019-01-29,2.4,-3.1,527,7.7,1441,,,,,,,7.3,140,1214,4.6,160,1220,1.8,1558,-12.2,20,2118,34.1,2.6,1022.9,1027.8,902,1023.1,1720,1025.2,10.2,9.3,,,,,,,,,2.9,1.5,2.3,-6.5,,,,,,,,,,,,,
90,2019-01-30,7.4,1.7,108,12.8,1405,,,,,,,8.5,230,256,3.8,270,304,1.8,1530,-13.4,12,954,21.9,2.3,1018.4,1024.1,1,1018,1423,1020.6,10.2,8.5,,,,,,,,,7,4.9,6.4,-.8,,,,,,,,,,,,,
90,2019-01-31,.6,-4.8,2251,6.9,1,,,,,,8.7,11.2,360,625,6.2,360,713,2.1,1811,-5.8,23,243,67.5,4.2,1016.7,1020.7,846,1017.9,15,1019,10.2,0,,,,,,,,,8.8,3.9,1.6,-1,,,,,,,,,,,,,
90,2019-02-01,-.5,-7.3,623,4.5,1340,,,,,,,14.1,290,2026,6.6,290,1447,2.3,2001,-14.6,16,1218,35.6,2,1016.2,1020.6,900,1015.8,1643,1018.5,10.3,9.6,,,,,,,,,.4,0,.1,-3.5,,,,,,,,,,,,,
90,2019-02-02,4.4,.2,715,7.4,1337,,,,,,,11.3,290,122,5.5,290,123,2,1764,-8,24,555,41,3.5,1016.7,1020.4,902,1017.4,124,1018.9,10.3,6.1,,,,,,,,,6,4.4,-.1,-5.6,,,,,,,,,,,,,
90,2019-02-03,3.9,2.1,2158,6.3,2301,,,,,,13.6,8.8,230,2247,4,290,2255,1.1,960,1.5,51,7,85.6,6.9,1009.7,1017.5,1,1008.6,2031,1011.9,10.3,0,,,,,,,,,9.1,7.4,3,1.2,,,,,,,,,,,,,
90,2019-02-04,3.3,.1,758,6.7,1403,,,,,,,11.4,290,230,5,290,336,2,1736,-16,13,1334,23.6,1.8,1019.1,1023.5,2357,1011.6,1,1021.3,10.4,9.4,,,,,,,,,1.3,.1,2.6,-1.7,,,,,,,,,,,,,
90,2019-02-05,4.9,.8,704,8.7,1516,,,,,,,9.4,230,52,4.8,110,1327,2.4,2061,-9.3,18,1850,35.9,3.2,1017.2,1023.8,300,1016.2,2233,1019.4,10.4,8.4,,,,,,,,,2.9,0,3.3,-.7,,,,,,,,,,,,,
90,2019-02-06,4.9,.8,735,8.8,1110,,,,,,,7.3,340,2053,4.5,340,2059,1.9,1602,-3.5,20,330,59.4,5.2,1013.3,1017,529,1013.9,1338,1015.5,10.4,6.1,,,,,,,,,6.3,2.9,3.8,-1.2,,,,,,,,,,,,,
90,2019-02-07,.3,-3.6,2357,4.7,1435,,,,,,9.3,10,340,1629,5.3,340,1631,2.1,1812,-8,20,1536,62,3.9,1016.5,1024,2400,1015.2,514,1018.8,10.5,6.2,,,,,,,,,4.5,,2.6,-4.2,,,,,,,,,,,,,
90,2019-02-08,-3.3,-7.3,431,.4,1509,,,,,,,4.9,360,155,3.3,340,203,1.3,1166,-14.1,27,1,43.3,2.1,1021.9,1027,1030,1021.5,2359,1024.3,10.5,8.8,,,,,,,,,5.6,3.3,-1.1,-7.2,,,,,,,,,,,,,
90,2019-02-09,-1.9,-4.5,2358,1.2,1244,,,,,,,9.8,340,1449,6,360,1406,2.9,2468,-13.8,17,1057,42.1,2.3,1022.7,1029.4,2316,1021.1,142,1025,10.6,8.4,,,,,,,,,4.5,3.1,-.3,-4.9,,,,,,,,,,,,,
90,2019-02-10,-2.6,-6.6,710,1.2,1406,,,,,,,4.8,360,1432,2.8,20,1352,1.4,1198,-11.9,29,959,49.8,2.6,1027,1031.7,845,1027.2,2354,1029.4,10.6,6,,,,,,,,,6.4,4.5,-.7,-6.8,,,,,,,,,,,,,
90,2019-02-11,.2,-3.3,746,3.9,1440,,,,,,,9.8,290,1329,5.6,290,1338,1.9,1676,-19.1,14,1239,22.8,1.4,1025.9,1031.5,2346,1026,406,1028.2,10.6,9.9,,,,,,,,,1.9,1.1,.7,-5.2,,,,,,,,,,,,,
90,2019-02-12,0,-3.7,546,4.9,1430,,,,,,,8.8,270,1049,4.5,290,1050,1.8,1552,-14.1,21,1244,34.4,2.1,1029.4,1034.1,855,1029.9,1505,1031.7,10.7,9.4,,,,,,,,,2.6,1.5,.5,-5.4,,,,,,,,,,,,,
90,2019-02-13,-1.6,-4.9,2200,1.6,1105,,,,,,,9.2,340,1603,5.8,360,1606,2.3,1960,-14.3,23,935,37.6,2.1,1029.1,1033.4,2355,1029.1,1404,1031.4,10.7,9.5,,,,,,,,,1.5,.3,.2,-5.7,,,,,,,,,,,,,
90,2019-02-14,-1.6,-4.3,1,1.1,1458,,,,,,0,4.1,20,1316,2.7,360,1307,1.3,1082,-6.7,44,52,68.8,3.8,1029.6,1034.8,846,1028.1,2341,1031.9,10.7,3.8,,,,,,,,,7.9,6.6,.3,-4.9,,,,,,,,,,,,,
90,2019-02-15,2,-2.4,56,5.9,1148,,,,,,,11.1,270,2320,7,290,2328,2,1745,-6.1,42,1144,56.4,3.9,1018.2,1028.2,1,1017.7,1408,1020.5,10.8,7.3,,,,,,,,,5.9,5.1,2,-2.4,,,,,,,,,,,,,
90,2019-02-16,-.3,-3.7,750,3.6,1358,,,,,,,8.9,290,21,5.2,290,22,1.8,1514,-11.7,33,1556,41.9,2.5,1018.4,1022.2,840,1018.3,10,1020.7,10.8,9.6,,,,,,,,,1.4,0,1.8,-4.7,,,,,,,,,,,,,
90,2019-02-17,2.1,-3.9,744,7.7,1542,,,,,,,6.8,250,1830,3.8,140,1307,1.7,1480,-13.7,18,1131,30.9,2.2,1018.9,1023,1005,1019.3,1559,1021.2,10.9,10.2,,,,,,,,,0,0,1.7,-5.1,,,,,,,,,,,,,
90,2019-02-18,4.3,-1.1,639,8.4,1334,,,,,,,5.5,230,11,2.8,290,842,1.2,1073,-8.1,19,1006,41.3,3.5,1021,1025.2,849,1021.8,2348,1023.2,10.9,7.6,,,,,,,,,6.3,4.4,3,-3.5,,,,,,,,,,,,,
90,2019-02-19,3,1.6,703,5.1,400,,,,,,4.7,9.4,270,2334,5.7,290,2320,1.5,1303,-1.2,43,333,76.6,5.7,1015.1,1021.8,1,1014.6,1524,1017.4,10.9,.1,,,,,,,,,8.3,6,2.6,.4,,,,,,,,,,,,,
90,2019-02-20,2.9,.4,2355,7.1,1329,,,,,,,8.7,270,1149,4.6,290,1228,2,1749,-6.1,39,1309,52,3.9,1019.8,1025.9,2302,1017.4,3,1022.1,11,9.9,,,,,,,,,2.9,.4,2.9,-2.1,,,,,,,,,,,,,
90,2019-02-21,3.7,-1.6,643,8.8,1415,,,,,,,5.6,140,1542,4.1,160,1626,1.4,1185,-3.8,40,1145,58.8,4.7,1022.3,1026.7,804,1022.6,1748,1024.6,11,9.8,,,,,,,,,.2,,3.8,-3.1,,,,,,,,,,,,,
90,2019-02-22,4.5,-1.4,654,9.9,1150,,,,,,,4.8,20,1332,3.1,20,1325,1.3,1120,-3.6,38,1118,56,4.7,1018.9,1022.7,1,1019.8,1458,1021.1,11.1,9.7,,,,,,,,,4,1.5,4.2,-3,,,,,,,,,,,,,
90,2019-02-23,4.4,-.5,630,9.8,1315,,,,,,,4.3,110,1518,2.9,160,1703,1.4,1209,-3.8,39,1401,56.3,4.7,1022.4,1026.7,909,1021.7,42,1024.7,11.1,9.1,,,,,,,,,2.9,0,4.4,-2.5,,,,,,,,,,,,,
90,2019-02-24,8.8,-1.2,310,15.7,1359,,,,,,,9.9,270,2111,4.7,290,1649,1.6,1375,-5.5,17,1252,39.5,4.2,1016.7,1023.9,1,1016,1757,1018.9,11.1,10.2,,,,,,,,,2.5,1.3,5.9,-2.9,,,,,,,,,,,,,
90,2019-02-25,7.2,3,2349,10.3,6,,,,,,,9.4,340,1020,6.7,360,1023,2.3,1977,-3.4,22,4,49.5,4.9,1017.9,1021.5,1108,1016.4,37,1020.1,11.2,6.9,,,,,,,,,4.6,4.3,6.5,.5,,,,,,,,,,,,,
90,2019-02-26,5.4,1.7,522,8.7,1337,,,,,,,10.3,360,1041,6.6,360,1048,2.1,1777,-4.4,33,1031,49.3,4.4,1021.3,1025.4,2331,1021.3,20,1023.6,11.2,10.1,,,,,,,,,1.8,1.5,5.6,-.7,,,,,,,,,,,,,
90,2019-02-27,5.8,2.4,126,9.7,1247,,,,,,,6.1,360,1529,2.9,20,1137,1.3,1107,1.1,56,1,72.4,6.7,1019.3,1025.8,149,1017.9,2357,1021.6,11.2,4.5,,,,,,,,,8,6,6,.4,,,,,,,,,,,,,
90,2019-02-28,5.9,1.5,726,10.4,1121,,,,,,,7.2,360,1402,4.1,20,1207,1.5,1319,-1.6,35,1026,59.3,5.5,1015.7,1019.1,2214,1016.3,1356,1018,11.3,8.6,,,,,,,,,2.9,1,6.3,-.2,,,,,,,,,,,,,
90,2019-03-01,7.1,1.1,331,12.4,1027,,,,,,,6.1,20,1207,4,20,1215,1.4,1246,-3.1,25,959,49.6,4.9,1018,1021.5,913,1018.6,35,1020.3,11.3,10.2,,,,,,,,,.7,.5,6.7,-.9,,,,,,,,,,,,,
90,2019-03-02,7.5,2.2,529,12.9,1128,,,,,,,4.5,50,1313,2.9,20,1154,1.4,1219,-2.4,28,1024,50.8,5.3,1016.8,1021.4,812,1016.2,2359,1019,11.4,9.4,,,,,,,,,3.5,.6,7.4,-1.6,,,,,,,,,,,,,
90,2019-03-03,8.2,1.9,711,14.4,1341,,,,,,,4.4,110,1418,3.4,110,1436,1.4,1175,.5,42,1342,58.9,6.5,1010.9,1016.2,1,1011.4,2018,1013.1,11.4,9.2,,,,,,,,,3.5,2.9,8.4,-.3,,,,,,,,,,,,,
90,2019-03-04,8.1,4.3,2310,12.9,1218,,,,,,,6.2,360,1319,3.7,20,1309,1.5,1261,3.9,55,34,76.1,8.1,1011.4,1016.1,2150,1011.2,302,1013.6,11.4,5.2,,,,,,,,,4.5,3,9.2,1.6,,,,,,,,,,,,,
90,2019-03-05,10.8,4,10,16.1,1450,,,,,,,9.4,290,1501,4.3,290,1616,1.6,1389,.3,20,1553,52.6,6.4,1015.2,1019.1,845,1016,4,1017.4,11.5,7.5,,,,,,,,,5,2.4,9.4,1.8,,,,,,,,,,,,,
90,2019-03-06,9.1,4.2,2229,13.5,1103,,,,,,3.3,9.6,70,1932,4.8,70,1922,2.4,2064,1.1,37,1037,60,6.7,1013.2,1017.1,1,1012.9,1502,1015.3,11.5,4.8,,,,,,,,,8,5.3,9.6,3.9,,,,,,,,,,,,,
90,2019-03-07,4.8,1.1,2220,8.7,1442,,,,,,3.2,8.6,340,2,5.3,340,6,1.6,1366,1.1,56,1443,78,6.6,1017.2,1021.7,2353,1016.2,1,1019.4,11.6,3.4,,,,,,,,,5.1,3.6,6.9,-.3,,,,,,,,,,,,,
90,2019-03-08,8.6,-.3,422,12.5,1339,,,,,,,8,160,1501,5.8,160,1523,2.1,1789,-2.3,18,2242,49.5,5.3,1019.6,1024,846,1020.2,1656,1021.8,11.6,10.7,,,,,,,,,0,0,6.6,-1.3,,,,,,,,,,,,,
90,2019-03-09,12.2,5.3,139,16.3,1300,,,,,,,10,200,1707,4.7,290,1536,1.8,1553,-11.2,7,1311,19.6,2.7,1015.8,1020.7,1,1015.5,1703,1018,11.7,7.2,,,,,,,,,5.8,4.9,6.8,1.6,,,,,,,,,,,,,
90,2019-03-10,7.9,4.7,2355,11.6,59,,,,,,,10.4,360,1439,7.1,360,1437,2.7,2343,-2.1,13,57,52.1,5.6,1013.2,1018.4,922,1011.9,2356,1015.4,11.7,.2,,,,,,,,,8.8,4.1,7,2.6,,,,,,,,,,,,,
90,2019-03-11,7.6,.8,514,13.4,1602,,,,,,,7.3,160,1453,4.9,160,1517,2,1733,-1.5,32,1357,53.4,5.6,1004.5,1011.9,1,1003.9,1626,1006.7,11.7,7.4,,,,,,,,,4.1,1.8,7.1,-1,,,,,,,,,,,,,
90,2019-03-12,6.9,1.8,2358,11.3,1052,,,,,,.1,12.4,290,1353,5.7,290,1004,2.9,2502,-6.8,16,2030,38.5,4,1004.7,1012.6,2343,1004.8,1430,1006.9,11.8,7.8,,,,,,,,,2.6,.9,7.5,.3,,,,,,,,,,,,,
90,2019-03-13,4.5,.3,534,9.7,1512,,,,,,,15.3,290,949,8.1,290,956,3.7,3186,-16.7,11,1645,20.5,1.7,1013.5,1020.5,2338,1012.4,8,1015.7,11.8,10.8,,,,,,,,,.1,.1,5.9,-.9,,,,,,,,,,,,,
90,2019-03-14,5.5,-1.4,634,11.3,1409,,,,,,0,9.9,230,1446,5.3,290,928,2.2,1897,-12,13,848,30.3,2.7,1018.6,1022.3,841,1019.2,1446,1020.9,11.9,10.7,,,,,,,,,2.6,.5,6.2,-4,,,,,,,,,,,,,
90,2019-03-15,5.2,2.4,1837,10.5,1152,,,,,,2.6,6.7,160,1528,4.1,160,1533,1.6,1361,-1.8,32,1101,64.4,5.4,1015.3,1020.9,1,1015.6,1848,1017.6,11.9,6.6,,,,,,,,,5.3,3.9,6.2,-1.3,,,,,,,,,,,,,
90,2019-03-16,5.8,-.6,508,10.8,1143,,,,,,,13.7,290,1356,6.7,290,1339,2,1718,-2.9,32,1138,55.8,5,1015.9,1020.1,743,1016.3,1536,1018.1,11.9,8.8,,,,,,,,,4.4,.8,7,-2,,,,,,,,,,,,,
90,2019-03-17,6.7,2.9,403,10.8,1139,,,,,,,9.3,290,813,4.9,290,818,1.8,1565,-3.2,35,1140,49.9,4.9,1018.5,1022.4,1145,1018.3,1,1020.7,12,10.9,,,,,,,,,1.4,.4,8.5,-.1,,,,,,,,,,,,,
90,2019-03-18,12.2,3.2,624,18.7,1455,,,,,,,9,230,2253,4.4,200,2209,1.9,1614,-5.8,18,1503,29,4,1013.2,1021,1,1011.8,1836,1015.4,12,10.3,,,,,,,,,5.6,2.9,10.5,.3,,,,,,,,,,,,,
90,2019-03-19,16.3,9.7,657,21.6,1600,,,,,,,8.2,250,2130,4.1,200,2139,1.9,1647,-.5,20,43,32.3,6.1,1010.6,1014.2,2321,1011.4,1749,1012.7,12.1,10.6,,,,,,,,,2.4,,14.2,5.6,,,,,,,,,,,,,
90,2019-03-20,14.2,9,2352,18.4,203,,,,,,12.3,7.2,290,219,3.6,230,18,1.5,1295,6.1,25,324,64,9.9,1007.4,1014.8,158,1002.7,2356,1009.5,12.1,2.8,,,,,,,,,9,6.5,13.7,9,,,,,,,,,,,,,
90,2019-03-21,10.8,5.2,2359,15.8,1354,,,,,,5.9,14.3,270,1439,5.8,290,2121,2.9,2506,2,30,1713,58,7.5,1001,1012.9,2359,999.1,1512,1003.1,12.2,6.1,,,,,,,,,6.9,4.3,11.7,3.6,,,,,,,,,,,,,
90,2019-03-22,4.3,.6,2231,9.4,1308,,,,,,,6.9,20,1339,4.6,360,1340,1.5,1264,-4.5,33,1309,53.3,4.4,1015.3,1020.3,2205,1012.9,1,1017.6,12.2,6.9,,,,,,,,,5.4,3.3,7.2,-1,,,,,,,,,,,,,
90,2019-03-23,5.1,.7,451,9.1,1538,,,,,,,10.1,290,1543,4.7,290,1434,2.1,1833,-8.5,28,1540,37,3.2,1016,1020.1,1,1014.9,1543,1018.3,12.2,9.8,,,,,,,,,3,.4,5.5,-1,,,,,,,,,,,,,
90,2019-03-24,6.6,-.6,535,12.5,1445,,,,,,,10.3,290,1343,5.6,290,2329,2.1,1806,-10.6,18,1435,29.4,2.7,1014.8,1020.4,746,1013,1651,1017,12.3,11.5,,,,,,,,,0,0,6.9,-2.8,,,,,,,,,,,,,
90,2019-03-25,11.2,6.2,17,15.6,1248,,,,,,,13.2,230,544,5.7,230,537,2.9,2539,-.7,27,1,43.8,5.9,1010.6,1015.3,3,1011.3,1652,1012.8,12.3,10.8,,,,,,,,,.4,.1,10.4,4.6,,,,,,,,,,,,,
90,2019-03-26,12.8,8.8,614,17.4,1158,,,,,,,11.3,290,252,5.4,290,235,2.1,1829,-2.2,16,1207,37,5.3,1012,1015.1,1017,1012.4,524,1014.2,12.4,11.1,,,,,,,,,2,1.1,13.4,6.7,,,,,,,,,,,,,
90,2019-03-27,10.6,5.9,2310,18.8,1127,,,,,,3.3,16,360,1621,10.5,360,1626,2.7,2325,3.5,20,228,67.5,8.1,1008.6,1014.3,1,1007,1544,1010.8,12.4,6.2,,,,,,,,,7,5,11.4,5.9,,,,,,,,,,,,,
90,2019-03-28,4.8,3.1,705,6.1,1701,,,,,,12.2,6,90,320,3.4,90,325,1.3,1097,2.9,77,1827,88.1,7.5,1013.1,1017.1,827,1013.8,1743,1015.3,12.5,0,,,,,,,,,8,6.8,7,3.5,,,,,,,,,,,,,
90,2019-03-29,7,4.2,531,10.5,1208,,,,,,,7.2,340,1648,4.9,340,1653,1.9,1656,1,47,922,66.4,6.6,1012.3,1015.5,2057,1013.5,405,1014.5,12.5,3.5,,,,,,,,,6.6,3.6,7.8,3.9,,,,,,,,,,,,,
90,2019-03-30,6.9,3.5,627,13.3,1440,,,,,,1.5,11.6,270,1635,4.9,290,1312,2.3,1946,-.7,36,1444,60.3,5.9,1007.4,1014.5,1,1006,1432,1009.6,12.5,6.3,,,,,,,,,7,3.3,8.6,2.1,,,,,,,,,,,,,
90,2019-03-31,5.5,3.4,234,8.7,1310,,,,,,,11.4,290,1532,6.4,290,1206,2.7,2312,-4.6,38,2249,48.5,4.4,1013.8,1020.4,2350,1010.7,1,1016,12.6,6.4,,,,,,,,,3.6,1.3,6.1,.3,,,,,,,,,,,,,
90,2019-04-01,6.4,1.9,520,10.8,1607,,,,,,,8.8,360,1043,4.6,360,1314,2.5,2149,-9.8,18,1553,31.1,2.9,1017.8,1021.5,851,1018.3,1604,1020,12.6,10.6,,,,,,,,,2.8,.8,7.1,-.4,,,,,,,,,,,,,
90,2019-04-02,6.9,2.3,629,10.9,1416,,,,,,,9.6,360,1425,5.6,20,1450,2.2,1858,-8.3,18,1034,33.4,3.3,1018.7,1022.1,2355,1019.3,1551,1021,12.6,9.9,,,,,,,,,4,3.4,8.4,-.3,,,,,,,,,,,,,
90,2019-04-03,10.2,3.4,635,15.8,1624,,,,,,,10.1,160,1336,6.8,160,1350,2.3,2006,-6.8,14,1621,30.8,3.8,1017.5,1023.8,713,1016,1819,1019.8,12.7,11.9,,,,,,,,,1.1,0,10.6,1.4,,,,,,,,,,,,,
90,2019-04-04,15.3,9.2,216,21.2,2337,,,,,,,20.4,290,2344,9.6,270,1346,5.8,5017,-8.8,13,2337,18.4,3.2,1006,1017.1,25,1001.4,1835,1008.2,12.7,11.9,,,,,,,,,2.6,.8,13.7,7.3,,,,,,,,,,,,,
90,2019-04-05,12.7,8.2,2207,18.4,1237,,,,,,,16.9,270,8,8.5,270,8,3.2,2792,-2.9,11,119,35.1,5.2,1003.7,1010.5,2400,1003.6,1229,1005.8,12.8,10.8,,,,,,,,,3.1,2.3,14.8,5.6,,,,,,,,,,,,,
90,2019-04-06,11.4,8.1,1835,15,956,,.6,1823,.9,1749,.9,10.6,230,1916,4.8,290,2043,1.8,1557,-1.3,21,49,43.5,5.9,1008.5,1012.5,736,1008.8,1914,1010.7,12.8,4.2,,,,,,,,,7.6,4.9,10.2,4.7,,,,,,,,,,,,,
90,2019-04-07,11,6.4,2302,15.1,1203,,,,,,,9.4,140,1802,6.3,160,1834,2.7,2322,.4,32,242,49.1,6.4,1008,1012.7,908,1008.3,1854,1010.2,12.9,11.7,,,,,,,,,4.5,2,13,3.3,,,,,,,,,,,,,
90,2019-04-08,9.6,3.8,2350,13.9,837,,,,,,,14.5,340,940,11,340,1004,3,2602,-4.3,21,813,38.6,4.6,1012.2,1019.5,2353,1009.2,5,1014.4,12.9,12,,,,,,,,,2.8,.9,13.3,2.2,,,,,,,,,,,,,
90,2019-04-09,8.4,3.1,536,14.5,1203,,.5,2200,2.1,2145,7.2,11.8,160,1820,7.8,160,1826,2.8,2387,-.1,34,6,58.3,6.3,1017.5,1022.8,1038,1017.3,1607,1019.8,12.9,5.6,,,,,,,,,6,5.3,10,.9,,,,,,,,,,,,,
90,2019-04-10,4.2,2.5,210,6.5,1128,,1.5,731,4.6,652,31.2,6.6,110,1037,4.4,110,1043,1.3,1096,3.2,84,1238,93.5,7.7,1012.3,1017.7,1,1012.9,1457,1014.6,13,0,,,,,,,,,8.4,5.9,6.1,1.6,,,,,,,,,,,,,
90,2019-04-11,7.5,1.3,159,13.1,1150,,,,,,,4.1,140,1115,2.7,160,1808,1.3,1108,2.4,49,1226,72.1,7.3,1012.7,1016.1,1004,1014.1,341,1014.9,13,8.2,,,,,,,,,5.5,3.4,8.7,.5,,,,,,,,,,,,,
90,2019-04-12,11,5.4,53,15.5,1423,,,,,,,7.5,160,1707,5.1,140,1529,1.6,1348,3.9,32,2317,63.1,8.2,1014.2,1017.5,2111,1014.5,120,1016.4,13.1,11.6,,,,,,,,,2.8,2,13.2,4.5,,,,,,,,,,,,,
90,2019-04-13,15.2,8.5,551,20.5,1344,,,,,,,8.2,250,1218,3.9,270,1218,1.8,1567,-3.9,15,1218,28.3,4.7,1014.6,1019,744,1014.6,1656,1016.8,13.1,12,,,,,,,,,4.4,2.3,13.4,4.8,,,,,,,,,,,,,
90,2019-04-14,10.9,6.7,1824,14.9,8,,.7,1807,.9,1722,1,11.9,360,1750,7.9,340,1755,2.5,2176,-.7,22,751,46.4,5.9,1010.2,1015.3,2349,1008.8,1534,1012.4,13.1,4,,,,,,,,,6,4.4,12.2,3.3,,,,,,,,,,,,,
90,2019-04-15,13.6,5.8,615,21.8,1640,,,,,,,10.4,290,1648,5.9,160,1345,2.4,2116,-2,14,1640,37,5.6,1012.8,1016.6,636,1012.4,1654,1014.9,13.2,12.3,,,,,,,,,0,0,13.3,2.8,,,,,,,,,,,,,
90,2019-04-16,19.5,14.3,649,24.9,1409,,,,,,,10.5,270,1048,4.9,230,154,2.1,1853,-8.4,8,1406,15.3,3.3,1011.5,1015.5,925,1011.9,1609,1013.6,13.2,9.9,,,,,,,,,3.6,.5,15.9,10.1,,,,,,,,,,,,,
90,2019-04-17,18.9,14.7,608,25.9,1246,,,,,,,8.7,140,1611,5.3,160,1336,1.9,1657,-2.1,9,123,25.1,5.5,1007.3,1013,12,1006.6,1652,1009.4,13.3,11.1,,,,,,,,,3.9,2,18.7,10.3,,,,,,,,,,,,,
90,2019-04-18,17.3,11.8,2359,20.9,1134,,,,,,,12.1,290,1409,5.4,290,1525,2.4,2075,4.6,17,1,44.9,8.6,1006.4,1015.4,2359,1005.3,540,1008.5,13.3,4.5,,,,,,,,,7.6,4.9,16.6,10.2,,,,,,,,,,,,,
90,2019-04-19,10.5,5.1,2341,14.1,1307,,,,,,,8.6,110,8,5.6,110,12,3,2592,.9,35,1246,52.8,6.5,1016.8,1021.7,936,1015.5,1,1019,13.3,8.8,,,,,,,,,5,3,16,3,,,,,,,,,,,,,
90,2019-04-20,12.5,3.9,533,17.7,1425,,0,,0,,0,9.5,160,1409,5.8,160,1416,1.7,1466,6.5,44,1240,69.4,9.9,1010.7,1017.2,27,1009.9,1540,1012.9,13.4,9.8,,,,,,,,,4.9,4.5,16.4,1.3,,,,,,,,,,,,,
90,2019-04-21,13.4,9.8,2352,18.7,33,,,,,,,9,270,32,3.6,290,35,1.5,1308,9.1,45,4,76.1,11.6,1010.7,1014.9,2334,1009.2,34,1012.9,13.4,5,,,,,,,,,6.5,2.9,19.3,7.6,,,,,,,,,,,,,
90,2019-04-22,12.7,8.1,607,17.6,1343,,,,,,,6.6,160,1929,3.8,360,1138,1.5,1274,10.3,71,1344,86,12.6,1015.1,1019.7,1048,1014.9,1,1017.3,13.4,7.6,,,,,,,,,2.1,.8,17,5.4,,,,,,,,,,,,,
90,2019-04-23,15,10,543,18.1,1213,,,,,,,7.4,160,1141,5.1,140,1144,1.6,1390,11.5,67,1433,80.5,13.6,1009.2,1016.8,5,1008.1,1831,1011.3,13.5,7.5,,,,,,,,,7.1,3,18.3,8.3,,,,,,,,,,,,,
90,2019-04-24,15.1,11.9,2358,21.9,1002,,.5,2216,1.3,2146,2.5,12.3,360,1827,8.9,360,1830,2.4,2102,12.8,64,221,86.6,14.9,1005.4,1012.3,2333,1005,1538,1007.5,13.5,3.5,,,,,,,,,8,5.4,19.9,11.2,,,,,,,,,,,,,
90,2019-04-25,10.2,6.3,2039,13.3,1028,,1.6,2324,3.9,2234,12.1,9.1,90,2346,5.1,70,2350,1.5,1288,5.7,47,800,76,9.2,1010.3,1014,807,1011.2,1449,1012.5,13.6,0,,,,,,,,,9.5,8.1,11.8,6.5,,,,,,,,,,,,,
90,2019-04-26,7.6,6.8,1225,9.1,1958,,1.7,1522,3.3,1432,26,9.6,20,1709,5,70,10,2.2,1938,5.5,67,2115,87,9,1013.3,1019.7,2245,1011.1,237,1015.5,13.6,0,,,,,,,,,9.1,8.4,9.1,5.8,,,,,,,,,,,,,
90,2019-04-27,11,3.7,558,16.9,1504,,,,,,,4.6,160,1816,3,140,1710,1.4,1200,4.5,43,1020,66.1,8.5,1018.2,1021.7,951,1019.3,2237,1020.4,13.6,10.8,,,,,,,,,3.6,2.3,14.9,2.4,,,,,,,,,,,,,
90,2019-04-28,13.7,9.3,7,18.2,1536,,0,,0,,0,8.4,290,1442,4,290,1449,1.2,1044,4.2,37,1541,54.4,8.3,1016.9,1021.3,1022,1017.4,1559,1019.1,13.7,3.3,,,,,,,,,8.6,4.9,14.3,7,,,,,,,,,,,,,
90,2019-04-29,11.9,7.9,443,16.2,1025,,,,,,,4.5,160,1243,2.9,160,1243,1,907,6.4,46,1206,70.9,9.7,1012.7,1018.3,1,1012.3,2345,1014.9,13.7,1.4,,,,,,,,,7,4.9,12.9,6,,,,,,,,,,,,,
90,2019-04-30,12.4,7.1,500,17.4,1401,,,,,,,6.7,140,1657,5,140,1654,1.6,1419,8.7,65,814,78.9,11.3,1006.7,1012.3,1,1006.6,2310,1008.9,13.7,10.6,,,,,,,,,5.1,.8,15.5,4.9,,,,,,,,,,,,,
90,2019-05-01,15.5,10.1,322,21.2,1257,,,,,,,5.4,140,1651,3.9,160,1657,1.6,1347,10.2,42,1541,73,12.5,1002.7,1008.1,2400,1002,1546,1004.8,13.8,10.6,,,,,,,,,2.6,1,19.1,8.1,,,,,,,,,,,,,
90,2019-05-02,18.4,10.4,444,26.9,1705,,,,,,,10.5,290,1721,5.5,140,1430,2.3,1990,5.2,13,1718,48,9.2,1006.9,1012.8,2343,1005.9,1618,1009,13.8,13.1,,,,,,,,,0,0,20.8,8.7,,,,,,,,,,,,,
90,2019-05-03,15.3,10.9,525,19.1,1613,,,,,,,7.6,140,1514,5.6,140,1518,2.5,2188,10.3,38,57,72.3,12.6,1014,1018.2,950,1012.9,1,1016.1,13.8,12.4,,,,,,,,,.8,0,20.7,6.6,,,,,,,,,,,,,
90,2019-05-04,15.3,11.1,543,19.6,1533,,,,,,,7.5,160,1431,5.4,140,1433,2.3,1949,12.2,66,1536,82.8,14.3,1014.9,1018.6,843,1015.3,1724,1017,13.9,11.2,,,,,,,,,3.5,.6,20,9.1,,,,,,,,,,,,,
90,2019-05-05,20.1,11.7,403,30,1619,,,,,,,10.2,360,2358,6.2,360,2359,1.9,1630,5,8,1700,48.4,9.7,1011.1,1016.2,6,1009,1716,1013.2,13.9,9,,,,,,,,,7.3,4.6,21.3,9.1,,,,,,,,,,,,,
90,2019-05-06,11.8,6.5,2331,15.7,1502,,.7,335,.9,255,.9,13.6,340,30,9.5,360,46,3.8,3321,-.8,24,1619,43.6,5.9,1014.4,1018.4,925,1013.2,42,1016.6,14,10.7,,,,,,,,,2.6,1.3,19.5,4,,,,,,,,,,,,,
90,2019-05-07,19.1,7.7,37,25,1502,,,,,,,13.5,270,2357,5.5,270,2322,2.7,2308,-4.9,11,1355,20.3,4.3,1009.9,1015.9,1,1008.7,1713,1012,14,13.1,,,,,,,,,0,0,21.7,3.3,,,,,,,,,,,,,
90,2019-05-08,21.5,17.3,459,25.9,1303,,,,,,,10.7,290,951,5,270,3,3.1,2704,-.8,16,1035,22.8,5.8,1004.7,1010.1,135,1003.6,1610,1006.8,14,9.5,,,,,,,,,4.5,3,22.4,14.2,,,,,,,,,,,,,
90,2019-05-09,22.9,18.6,552,28.1,1558,,,,,,,11,290,106,4.5,290,1445,2.4,2089,.9,18,1331,23.6,6.6,1003.5,1008.1,2337,1003.9,1623,1005.6,14.1,11.5,,,,,,,,,2.4,1.1,25.6,15.7,,,,,,,,,,,,,
90,2019-05-10,20.5,14.9,2306,26,1412,,,,,,,5.5,110,1538,4,160,1530,1.6,1340,5.6,25,1413,38.8,9.2,1009.1,1012.6,2242,1008.1,1,1011.2,14.1,12.6,,,,,,,,,1.8,0,25.9,10.9,,,,,,,,,,,,,
90,2019-05-11,17.7,12.8,453,23.5,1431,,,,,,,6.1,360,2312,4.1,360,2313,1.5,1299,11.2,42,1432,67.4,13.5,1011.6,1016.5,2349,1012.2,11,1013.7,14.1,9.7,,,,,,,,,3.5,1.3,24.5,9.3,,,,,,,,,,,,,
90,2019-05-12,14.2,13.1,2024,15.6,6,,,,,,,5.6,340,242,3.6,340,248,1.4,1178,11.4,76,1600,83.4,13.5,1017,1020.5,939,1016.5,1,1019.2,14.2,0,,,,,,,,,8.4,8.4,17.6,11.9,,,,,,,,,,,,,
90,2019-05-13,14.9,13.2,19,17.1,950,,,,,,,6.4,160,1509,4.6,140,1517,1.6,1343,11.7,68,854,81.5,13.7,1013.2,1019.2,1,1013,1735,1015.4,14.2,.8,,,,,,,,,9.3,6.4,19.1,12.6,,,,,,,,,,,,,
90,2019-05-14,16.7,12.4,319,22.1,1532,,,,,,,10.1,160,1328,6.2,160,1331,1.9,1671,12.9,52,1512,80,14.9,1010,1013.7,708,1010.4,1524,1012.1,14.2,12.3,,,,,,,,,3.6,1.5,23.1,10.2,,,,,,,,,,,,,
90,2019-05-15,16.3,12.4,536,21,1129,,,,,,,7.7,360,2400,4.8,360,2353,1.4,1206,13.7,66,1704,85,15.7,1010.7,1015.2,940,1010.9,2137,1012.8,14.2,8.1,,,,,,,,,4.9,1.9,23.2,8.8,,,,,,,,,,,,,
90,2019-05-16,18.3,14,445,23.7,1735,,,,,,,7.7,360,2,5,340,20,1.7,1459,13.8,46,1735,76.9,15.8,1009.2,1012.8,627,1009.5,1811,1011.3,14.3,10.8,,,,,,,,,3,2,25.9,12,,,,,,,,,,,,,
90,2019-05-17,20.9,15.9,441,26.5,1426,,,,,,,7.1,140,1523,4.2,140,1254,1.3,1157,12.5,36,1428,61.3,14.6,1009.8,1013.5,711,1010.8,1924,1011.9,14.3,7.1,,,,,,,,,5.9,1.8,23.9,11.8,,,,,,,,,,,,,
90,2019-05-18,18.7,15.5,2339,23.5,1552,,,,,,,8.5,160,1629,5.4,140,1508,2,1708,14.1,53,1552,75.5,16.2,1010.8,1014.5,1103,1011.4,115,1012.9,14.3,4.4,,,,,,,,,6,2.4,25.2,13.1,,,,,,,,,,,,,
90,2019-05-19,17.3,15.1,205,20.4,1101,,.5,1510,.5,1420,.8,5.9,50,924,3.7,20,929,1.3,1116,15.1,75,1048,87.9,17.2,1007.3,1013.4,139,1003,2344,1009.4,14.4,3.6,,,,,,,,,8.1,,22.5,12.4,,,,,,,,,,,,,
90,2019-05-20,20.3,16,8,24.1,1318,,0,,0,,0,13.3,320,1820,6.8,290,622,3.2,2771,6.7,25,1353,44.1,10.5,997.8,1003.6,2206,996.8,542,999.9,14.4,7.7,,,,,,,,,,,22.9,13.7,,,,,,,,,,,,,
90,2019-05-21,20.6,13.9,534,26.3,1503,,,,,,,13.4,290,1352,6.3,290,832,3.1,2720,2,19,1529,30.8,7.1,999.7,1004.2,407,998.6,1532,1001.8,14.4,13.5,,,,,,,,,1.5,,25.4,10.4,,,,,,,,,,,,,
90,2019-05-22,24,18,436,29.7,1546,,,,,,,12.3,290,1330,5.9,290,1028,3,2618,1.2,16,1743,23,6.7,1000,1004,2350,999.7,1555,1002,14.4,11,,,,,,,,,3.6,2,27.7,14,,,,,,,,,,,,,
90,2019-05-23,25,16.4,516,31.8,1638,,,,,,,7.2,290,108,4.2,290,117,1.9,1647,6,15,1159,33.5,9.7,1003.7,1007.1,2351,1003.9,5,1005.7,14.5,13.7,,,,,,,,,.7,0,29.5,10.9,,,,,,,,,,,,,
90,2019-05-24,24.4,17,446,32.3,2000,,,,,,,8,160,1604,4.6,140,1315,1.8,1537,11.7,23,1,46.8,13.8,1006.4,1010.5,858,1006.8,1809,1008.5,14.5,13.6,,,,,,,,,1.1,0,30.7,11.8,,,,,,,,,,,,,
90,2019-05-25,28.4,22.2,150,34.2,1241,,,,,,,10.2,270,1245,5.7,290,1925,2,1753,7.2,15,1535,28.8,10.6,1008.7,1013.3,2203,1007.1,29,1010.7,14.5,6.6,,,,,,,,,6.7,1.3,27.7,15.9,,,,,,,,,,,,,
90,2019-05-26,24.7,21.1,2351,29.6,913,,,,,,,5,110,1344,3.4,110,1353,1.4,1252,10.5,17,102,43.1,13,1009.7,1014.6,830,1009.4,2339,1011.8,14.5,12.8,,,,,,,,,6,3.1,31.5,17.1,,,,,,,,,,,,,
90,2019-05-27,20.7,16.8,645,24.6,205,,.9,638,2.6,601,4,10.4,290,1802,6.7,160,935,2.5,2199,13.7,36,426,65.8,15.8,999.7,1009.6,3,995.2,1557,1001.7,14.5,1.1,,,,,,,,,9.6,,20.9,15.8,,,,,,,,,,,,,
90,2019-05-28,21.3,15.9,415,27.9,1556,,,,,,,10.9,290,2247,5.5,290,2225,2.9,2485,3.1,17,1017,32.4,7.8,1005.2,1010,2353,1002.5,23,1007.2,14.6,13.7,,,,,,,,,.2,,26.2,10.2,,,,,,,,,,,,,
90,2019-05-29,22.3,16.5,37,29,1440,,,,,,,9.6,290,1217,5.1,290,1232,2.4,2089,2.4,14,1328,28.5,7.3,1004.8,1010.2,6,1004.7,1734,1006.8,14.6,13.7,,,,,,,,,.1,0,27.8,11.5,,,,,,,,,,,,,
90,2019-05-30,24.3,18.7,215,28.2,1212,,,,,,,11.7,200,1719,5.3,230,1720,1.7,1501,4.7,19,603,29.1,8.8,1004.9,1008.6,600,1004.2,1805,1006.9,14.6,7.6,,,,,,,,,7.7,4.8,26,11.5,,,,,,,,,,,,,
90,2019-05-31,21.7,18.9,634,27.6,1416,,,,,,,11.6,360,519,5.2,290,1053,2.7,2328,7.5,22,1320,41.5,10.5,1004.7,1008.5,2311,1004.6,1703,1006.7,14.6,10.7,,,,,,,,,4.1,1.5,28.1,14.8,,,,,,,,,,,,,
90,2019-06-01,22.4,17.8,351,29.4,1405,,,,,,,8.1,250,250,4.4,270,255,1.9,1614,7.6,19,1311,39.6,10.5,1004.6,1008.5,21,1005.1,1543,1006.6,14.6,11.4,,,,,,,,,4.5,1.9,28.6,12.4,,,,,,,,,,,,,
90,2019-06-02,20.8,16.6,2243,26.6,1426,,,,,,,6.4,140,1347,4.5,140,1451,1.9,1615,9.6,27,836,51.5,12.2,1003.5,1006.9,4,1003.9,1744,1005.5,14.7,13.7,,,,,,,,,.3,0,29.4,11,,,,,,,,,,,,,
90,2019-06-03,22.6,16,149,30.2,1438,,,,,,,9.6,160,1605,6.2,160,1611,1.5,1306,12,32,1408,52.9,14,1003.8,1007,830,1003.8,1553,1005.8,14.7,12,,,,,,,,,1.8,.9,29.2,13.1,,,,,,,,,,,,,
90,2019-06-04,22.8,19.7,2147,27.8,1122,,,,,,,7.5,290,400,4.3,160,1450,1.6,1399,13.2,32,1050,56.4,15.3,1004.4,1007.9,2351,1004.6,1604,1006.4,14.7,7.6,,,,,,,,,3.7,2.5,28.5,16,,,,,,,,,,,,,
90,2019-06-05,18.5,16.1,2353,22.4,1050,,,,,,,7.5,360,128,5.2,360,210,2.4,2109,15.9,68,1058,85.4,18.1,1009.3,1012.8,1207,1007.8,6,1011.3,14.7,10.5,,,,,,,,,5,2.4,27.5,14.6,,,,,,,,,,,,,
90,2019-06-06,17.4,16.1,1,20.2,1100,,.8,2326,3.7,2249,8.2,4.6,360,217,3.2,360,226,1.1,981,16.3,81,1104,93.4,18.5,1009.4,1013.5,721,1008.6,2348,1011.4,14.7,.4,,,,,,,,,9.6,5,21.3,14.7,,,,,,,,,,,,,
90,2019-06-07,17.1,16.4,2352,17.6,3,,2.5,646,11.1,638,44,6.7,140,859,4.3,360,1545,2,1688,16.3,85,2301,95.6,18.5,1004.5,1009,2348,1005.1,631,1006.5,14.7,0,,,,,,,,,9.3,8.6,18.6,14.6,,,,,,,,,,,,,
90,2019-06-08,17.6,14.4,514,21.1,1057,,,,,,,7.7,140,1656,4.8,140,1727,1.9,1607,14.6,73,754,83.3,16.6,1007.2,1010.5,816,1008.4,1542,1009.3,14.8,8.5,,,,,,,,,6.4,3.3,21.4,13.2,,,,,,,,,,,,,
90,2019-06-09,17,15.6,2235,18.7,1421,,.7,1843,1.5,1757,2.7,4.6,140,1423,2.9,140,1510,1.2,1048,14.9,78,1525,88.1,16.9,1006.6,1009.6,31,1007.6,1520,1008.6,14.8,0,,,,,,,,,9,7.4,19.9,15.7,,,,,,,,,,,,,
90,2019-06-10,16.5,14.6,2324,19.9,1224,,1,2213,1.1,2211,1.6,6,50,1419,3.7,70,1511,1.4,1180,14.1,73,1149,86.4,16.1,1007.5,1011,2208,1008,117,1009.6,14.8,2.1,,,,,,,,,8.5,5.1,20,13.8,,,,,,,,,,,,,
90,2019-06-11,16,13.2,2350,19.7,1048,,.1,,.1,,.1,6.1,360,1102,4.4,340,1123,1.4,1195,12.7,68,923,81.4,14.7,1008.7,1011.8,1205,1009.6,1721,1010.8,14.8,1.3,,,,,,,,,7.1,6.1,18.9,12,,,,,,,,,,,,,
90,2019-06-12,16.7,11.5,520,21,1308,,,,,,,6.6,160,1624,4.6,140,1553,1.8,1556,13.4,66,1240,81.6,15.4,1009.2,1012.3,1205,1010.1,1624,1011.2,14.8,13.8,,,,,,,,,.5,0,21.8,9.9,,,,,,,,,,,,,
90,2019-06-13,19,13.2,427,24.1,1353,,,,,,,8,180,1315,5.2,140,1456,2.2,1902,15.2,63,1729,79.6,17.4,1006.5,1011.3,1,1006.3,1711,1008.5,14.8,13.5,,,,,,,,,1.9,.1,23.8,12,,,,,,,,,,,,,
90,2019-06-14,20.4,16.4,345,25.7,1537,,,,,,,5.1,140,1645,3.4,140,1644,1.1,982,15,51,1851,71.9,17.1,1002.2,1006.7,1,1002.9,2329,1004.2,14.8,4.3,,,,,,,,,8.1,4.1,23.7,14.8,,,,,,,,,,,,,
90,2019-06-15,18.2,16.6,453,20.7,1327,,11.2,2221,18.6,2201,21.7,8.3,360,1704,6.1,360,1725,2.5,2130,16,74,117,87.3,18.2,999.3,1003.1,2344,999,1556,1001.3,14.8,2.2,,,,,,,,,7.8,6.1,22,15.1,,,,,,,,,,,,,
90,2019-06-16,17.7,15.9,929,20.7,1228,,,-2354,1.5,-2331,.6,8.5,20,339,5.6,20,344,2.7,2315,14.9,73,1552,83.8,16.9,1006,1010.7,2258,1003,9,1008.1,14.8,3.3,,,,,,,,,7.5,6.4,20.4,15.6,,,,,,,,,,,,,
90,2019-06-17,19.6,15.4,332,23.4,1248,,,,,,,5.1,140,105,3,360,440,1.5,1278,16.4,69,1908,82.4,18.7,1008.5,1011.9,1033,1009.4,2320,1010.5,14.8,10.8,,,,,,,,,6,3.4,24.4,14.8,,,,,,,,,,,,,
90,2019-06-18,21.4,18,17,26.6,952,,.8,1924,2.1,1832,3.2,8.5,180,1612,4.6,230,1616,1.4,1190,15.6,33,953,70.1,17.7,1006,1009.9,718,1005.9,2355,1008,14.8,1.2,,,,,,,,,9.5,7,21.4,16.8,,,,,,,,,,,,,
90,2019-06-19,22.9,18.6,346,28.6,1111,,1.7,315,3.9,257,8.2,8.4,290,908,4.6,290,845,1.7,1437,17.3,46,1112,71.9,19.8,1003,1006.2,7,1003.5,1956,1005,14.8,13,,,,,,,,,3,.6,25.6,17.6,,,,,,,,,,,,,
90,2019-06-20,23.9,19.3,545,28.6,1616,,,,,,,7.7,160,1434,4.7,140,1351,1.6,1413,18,49,1435,70.4,20.7,1001.8,1005.8,453,1001.7,1652,1003.8,14.8,13.6,,,,,,,,,3.8,0,25.8,16.5,,,,,,,,,,,,,
90,2019-06-21,19.3,17.4,2400,25.3,11,,.3,1400,.3,1310,.3,9.2,360,212,6.3,340,216,2.6,2246,16.3,58,6,83.3,18.7,1005.3,1010.2,2115,1003.6,6,1007.3,14.8,.3,,,,,,,,,6.4,5.6,20.8,15.4,,,,,,,,,,,,,
90,2019-06-22,19.2,14.3,448,23.4,1502,,,,,,,4.8,50,1202,3.3,50,1136,1.7,1468,14.6,62,1055,75.4,16.7,1006.7,1009.6,1,1007.8,1720,1008.7,14.8,14.2,,,,,,,,,1.6,0,24.7,13.1,,,,,,,,,,,,,
90,2019-06-23,20.2,15.9,457,24.2,1120,,.6,2219,.9,2216,.9,4.4,140,1711,3,140,1713,1.6,1404,16.2,68,1122,78.4,18.6,1007.9,1012.2,2206,1008.9,211,1009.9,14.8,13.3,,,,,,,,,3.3,2.6,26.2,14.6,,,,,,,,,,,,,
90,2019-06-24,20.6,15.3,508,24.3,1310,,.1,,.1,,.1,7.9,160,1704,5.7,160,1535,2.5,2162,16.8,67,1243,79.4,19.1,1010.7,1014.5,2251,1010.4,150,1012.8,14.8,14.1,,,,,,,,,1.4,.6,26.8,14.6,,,,,,,,,,,,,
90,2019-06-25,21.3,17.3,159,25.3,1239,,,,,,,7.4,160,1452,4.9,160,1751,1.8,1593,18.3,71,1359,83.8,21.1,1012.2,1016,711,1012.6,1740,1014.2,14.8,12.8,,,,,,,,,1.1,.1,27.8,16,,,,,,,,,,,,,
90,2019-06-26,21.5,18.8,231,25.2,1040,,0,,0,,0,5.9,160,1618,3.8,140,1642,1.3,1096,19.4,75,1701,88.1,22.5,1006.6,1012.8,1,1004.4,2400,1008.6,14.8,5.8,,,,,,,,,8.6,4.1,24.4,16.8,,,,,,,,,,,,,
90,2019-06-27,22,20.2,422,24.6,1300,,0,,0,,0,5.8,360,1449,4.1,20,1337,2,1734,19.9,78,1310,88.4,23.2,999.6,1004.4,1,1000.2,1319,1001.6,14.8,7.9,,,,,,,,,7.5,5.9,28.5,19.3,,,,,,,,,,,,,
90,2019-06-28,21.2,19.5,2307,24.1,1357,,.3,2118,1,2153,2.3,5.3,360,224,3.6,340,227,1.8,1560,19,76,1358,88,22,1001.2,1004.6,805,1001.6,2357,1003.2,14.8,.2,,,,,,,,,6.3,5.3,26.2,19.3,,,,,,,,,,,,,
90,2019-06-29,21.7,19.4,205,25.3,1448,,.3,28,1.2,127,3.9,5.3,160,1535,3.7,160,1532,1.1,977,20.1,77,1452,91.1,23.5,996,1001.6,1,995.6,1720,998,14.8,2.3,,,,,,,,,8.9,5.5,24.7,19.3,,,,,,,,,,,,,
90,2019-06-30,24,19,524,29.3,1127,,0,,0,,0,6.8,320,2345,3.9,140,1217,1.6,1392,19.6,46,2113,77.9,22.9,996.1,1000.9,2357,995.7,259,998.1,14.8,10.7,,,,,,,,,6.5,2.5,25.6,18.3,,,,,,,,,,,,,
90,2019-07-01,23.2,21.2,513,26,9,,,,,,,6.2,340,134,3.1,360,213,1.5,1288,20.2,58,8,84.3,23.8,1001.2,1005.2,2349,1000.8,16,1003.2,14.8,9.1,,,,,,,,,7.4,3.6,26.9,19.2,,,,,,,,,,,,,
90,2019-07-02,24.5,19.9,2325,30.4,1158,,,,,,,6.6,290,920,3.9,160,1657,1.5,1287,15.6,36,1200,59.4,17.8,1004.8,1008,2112,1005,113,1006.8,14.8,13.6,,,,,,,,,.3,0,29.7,16.6,,,,,,,,,,,,,
90,2019-07-03,24.7,19.4,130,29.4,1122,,,,,,,6.4,160,1528,4.3,160,1539,1.4,1224,17.7,47,1448,66.6,20.3,1004.5,1008.2,447,1005,1751,1006.5,14.8,10.1,,,,,,,,,4.9,3.1,29.7,16.9,,,,,,,,,,,,,
90,2019-07-04,26,21.5,14,30.1,915,,,,,,,7.3,160,1725,4.6,140,1636,1.8,1571,16.9,38,912,58.8,19.3,1002.4,1005.6,717,1002.9,1938,1004.4,14.8,13.8,,,,,,,,,.1,0,31.8,17.4,,,,,,,,,,,,,
90,2019-07-05,23.9,20.9,521,26.9,1540,,,,,,,5,360,1029,3.5,360,1032,1.6,1370,21.1,67,54,84.8,25,1002.2,1005.3,2143,1003.3,101,1004.2,14.8,12.2,,,,,,,,,2.5,1.1,32,18.2,,,,,,,,,,,,,
90,2019-07-06,23.4,22.1,716,25.8,1411,,,,,,,5.5,50,1108,4.2,20,1135,2,1761,20.8,76,1327,85.6,24.5,1005.8,1009.9,2333,1005,1,1007.8,14.7,7,,,,,,,,,6.9,4.5,29.9,21.5,,,,,,,,,,,,,
90,2019-07-07,21.5,19.5,2118,24.2,1402,,.4,226,.8,226,.8,5.9,20,1443,3.8,50,1518,2.1,1813,17.2,65,1637,77.1,19.7,1009,1011.8,1755,1009.7,25,1011,14.7,1.9,,,,,,,,,8.4,5.4,25.7,18.3,,,,,,,,,,,,,
90,2019-07-08,20.7,17.7,355,23.9,1347,,1.5,204,1.7,201,4.4,8.6,20,314,4.9,360,309,1.9,1655,18,72,47,85.3,20.7,1008.1,1011,359,1009.4,1735,1010.1,14.7,1.5,,,,,,,,,8.4,6.8,23.4,17.4,,,,,,,,,,,,,
90,2019-07-09,21.4,19.1,201,25.2,1056,,0,,0,,0,6.3,20,1419,4.2,50,1419,2.1,1811,17.2,65,1211,77.5,19.6,1007.6,1010.6,2302,1008.7,417,1009.6,14.7,7.9,,,,,,,,,7.9,4.5,26.6,18.3,,,,,,,,,,,,,
90,2019-07-10,20,18,1355,22,1039,,2,2318,9,2233,26.1,9,50,2338,5.8,20,2359,2.4,2058,17.1,68,944,84.6,19.6,1008.6,1011.8,1003,1009,2400,1010.6,14.7,0,,,,,,,,,9.1,7.8,22.3,18.4,,,,,,,,,,,,,
90,2019-07-11,19.4,18.1,2127,20.7,246,,3.2,246,12.2,1009,92.5,10.8,50,18,6.7,340,1801,3.9,3327,18.9,95,1617,96.8,21.8,1004.3,1009.1,1,1004.8,1619,1006.3,14.7,0,,,,,,,,,6.8,6.8,20.7,17.8,,,,,,,,,,,,,
90,2019-07-12,23.2,18.2,1,28.4,1548,,,,,,,6.2,140,1003,3.7,140,1012,1.4,1193,19.2,52,1839,79.3,22.3,1002.3,1006.3,1,1002.3,1710,1004.3,14.6,12.5,,,,,,,,,2.9,1.8,26.5,17.4,,,,,,,,,,,,,
90,2019-07-13,24.9,21.4,357,28.8,1251,,,,,,,5.1,160,1739,3.4,140,1742,1.5,1264,19.2,52,1453,71.5,22.4,999.3,1002.8,42,999.6,1741,1001.3,14.6,10.6,,,,,,,,,6.5,1.4,26.8,18.6,,,,,,,,,,,,,
90,2019-07-14,22.1,20.8,2334,24.1,1311,,0,,0,,0,5.4,360,1159,3.7,360,1225,2,1690,19.9,76,1321,87.8,23.3,1002.2,1006.8,2303,1001.9,6,1004.2,14.6,.3,,,,,,,,,6.6,5,24.4,20.3,,,,,,,,,,,,,
90,2019-07-15,22.1,20.1,539,25.1,1238,,7.5,2107,12,2055,15.5,6.8,140,2110,4.1,110,2150,1.6,1368,20.7,81,959,91.9,24.4,1006.6,1011,2318,1006.2,258,1008.6,14.6,.9,,,,,,,,,9.3,7.5,24.9,20,,,,,,,,,,,,,
90,2019-07-16,21.9,20.5,501,24.2,1444,,1.4,207,3.3,126,4.5,6.1,140,1631,3.9,140,1454,1.8,1585,20.5,82,1445,92.4,24.1,1010.2,1013.5,2313,1010.4,234,1012.2,14.6,.3,,,,,,,,,7.6,6.6,24.2,20.4,,,,,,,,,,,,,
90,2019-07-17,23.1,21.2,147,25.8,1148,,0,,0,,0,7.5,160,1243,4.9,160,1228,2.3,2011,20.9,77,1416,88.1,24.7,1009.5,1013.1,1,1009.8,1825,1011.5,14.6,4.1,,,,,,,,,8.3,3.8,25,20.7,,,,,,,,,,,,,
90,2019-07-18,24.4,21.3,605,29.9,1324,,,,,,,6.1,140,1353,4.4,140,1400,1.4,1235,21.2,62,1320,83.3,25.2,1006.2,1010.1,1,1006.5,1818,1008.2,14.5,11.6,,,,,,,,,4.5,1.6,27.8,20.7,,,,,,,,,,,,,
90,2019-07-19,24,21.2,505,26.4,948,,0,,0,,0,5.1,20,130,3,360,139,1,821,22,78,840,89.3,26.4,1006,1008.8,1123,1006.9,117,1008,14.5,11.2,,,,,,,,,5.4,2.8,28,20,,,,,,,,,,,,,
90,2019-07-20,23,21.9,2354,23.8,832,,1.3,1937,3.9,1906,13.1,11.9,160,1924,6.6,160,1930,2.9,2529,22.1,90,232,94.8,26.6,1003.5,1008.8,754,1002,2348,1005.5,14.5,0,,,,,,,,,9.5,8.6,24.3,21.7,,,,,,,,,,,,,
90,2019-07-21,22.5,20.5,556,24,1427,,.8,142,2.6,135,5,5.5,160,340,3.6,160,346,.7,586,21.7,91,1445,95.9,26,997.6,1002,2216,998.2,827,999.6,14.4,.2,,,,,,,,,9.3,4.3,25.1,21,,,,,,,,,,,,,
90,2019-07-22,31.1,22.4,1,35,1543,,,,,,,11.1,270,920,5.3,290,1144,2.4,2043,20.5,42,1609,54.1,24.2,999.7,1002.8,701,1000.5,122,1001.6,14.4,13.1,,,,,,,,,2.3,.1,28.5,21.7,,,,,,,,,,,,,
90,2019-07-23,30.4,25.3,2055,36.1,1430,,,,,,,10,290,1045,3.5,270,1045,1.5,1326,21.2,42,1436,59.5,25.2,1000.4,1003.2,916,1000.7,1720,1002.3,14.4,8.6,,,,,,,,,7.6,3.6,30.6,24,,,,,,,,,,,,,
90,2019-07-24,28.4,25.3,507,32.5,1253,,0,,0,,0,5.1,160,1607,3.2,160,1608,.9,793,23.2,63,1251,74.4,28.5,1000.6,1003.5,934,1001.6,430,1002.6,14.4,6.1,,,,,,,,,6.4,2,29,24.1,,,,,,,,,,,,,
90,2019-07-25,28.9,25.5,528,33.2,1450,,1.6,2245,1.8,2155,2,5.9,140,1518,3.8,140,1546,1.3,1133,24,61,1447,75.8,29.9,1000.9,1004.1,754,1001.3,1743,1002.9,14.3,9.8,,,,,,,,,6.1,3.5,32.5,23.3,,,,,,,,,,,,,
90,2019-07-26,24.3,23.3,1206,28.1,38,,7.9,526,26.9,523,61.1,5.7,360,138,3.8,340,121,1.2,1064,23.6,82,37,96.3,29.2,1000.9,1004.2,1032,1001.7,1803,1002.9,14.3,.5,,,,,,,,,8.3,5.9,26.7,23.1,,,,,,,,,,,,,
90,2019-07-27,25.9,23.8,237,28.5,808,,,,,,,5,20,907,3.2,360,1331,1.2,1010,23.9,79,817,89.1,29.6,1003.4,1006.7,1041,1003.3,146,1005.4,14.3,11.3,,,,,,,,,4,2.4,29.8,22.3,,,,,,,,,,,,,
90,2019-07-28,26.9,24.9,19,29.2,1007,,.8,1449,2.3,1206,7.8,8.5,110,2222,3.4,50,2351,.7,607,24.7,72,2352,88.4,31.2,1004.5,1007.4,1013,1005.4,105,1006.5,14.3,.2,,,,,,,,,9.1,4.8,27.4,23.9,,,,,,,,,,,,,
90,2019-07-29,30.2,26.8,6,34.3,1540,,,,,,,9.3,270,314,3.5,270,319,1.4,1179,22.6,52,1541,64.4,27.4,1004.8,1008.2,812,1005.6,1831,1006.8,14.2,7.8,,,,,,,,,7.5,3.9,29.9,24.5,,,,,,,,,,,,,
90,2019-07-30,29.8,26.9,1114,33,1342,,.7,1052,1.3,1002,1.6,10.4,230,830,4.1,250,746,1.7,1480,22.5,53,158,65.8,27.3,1002.4,1006.1,1,1003,1819,1004.4,14.2,6.9,,,,,,,,,6,1.9,30,25,,,,,,,,,,,,,
90,2019-07-31,30.2,27.9,1912,32.6,1124,,0,,0,,0,10.3,270,1822,4.9,290,1501,2.2,1879,22.5,54,1122,63.9,27.2,1004.3,1007.9,1228,1004,112,1006.3,14.2,2.9,,,,,,,,,8.3,4.5,28.6,26.2,,,,,,,,,,,,,
90,2019-08-01,29.7,26.4,713,35.6,1522,,.3,113,.3,113,.3,12.9,290,537,5.2,290,533,2,1722,22.1,45,1524,64.3,26.7,1007.2,1010.2,606,1007.5,19,1009.1,14.1,8.3,,,,,,,,,4.9,1.3,30.6,23.6,,,,,,,,,,,,,
90,2019-08-02,29.4,25.9,541,33.1,1404,,,,,,,6,160,1421,4.3,160,1426,1.4,1217,22.4,53,1511,66.9,27.1,1008.8,1011.9,2141,1009.7,1,1010.8,14.1,13.2,,,,,,,,,1.8,.4,32.3,22.5,,,,,,,,,,,,,
90,2019-08-03,26.7,24.4,317,29.7,1602,,,,,,,6.1,160,1750,4.1,160,1759,1.8,1563,24.3,78,1600,87.1,30.4,1009.7,1012.6,825,1010.7,1754,1011.7,14.1,10.3,100,,,,,,,,5.3,1.1,31,22.9,,,,,,,,,,,,,
90,2019-08-04,27,25.3,5,29.6,1133,,,,,,,3.9,110,1707,2.6,160,1646,1.2,1033,24.9,78,1409,88.5,31.5,1008.7,1011.8,933,1009.7,1952,1010.7,14.1,6.6,,,,,,,,,5.5,3.8,32.2,24.6,,,,,,,,,,,,,
90,2019-08-05,27.7,24.8,259,31.2,1107,,,,,,,5,360,1346,3.7,20,1354,1.4,1192,25.1,74,1114,86.3,31.9,1008.7,1011.7,749,1009.8,1742,1010.7,14,12,,,,,,,,,2.8,1.1,33.6,23.4,,,,,,,,,,,,,
90,2019-08-06,26.8,23.7,451,29.9,1120,,,,,,,4.6,140,1354,2.9,110,1334,1.2,1078,24,72,1534,85.4,29.9,1007.6,1011.2,636,1008,2348,1009.6,14,5.9,,,,,,,,,7.4,3.1,32.1,22.8,,,,,,,,,,,,,
90,2019-08-07,25.7,24,720,28.9,1847,,13,607,20.1,538,58,10.2,90,607,6.7,110,634,2,1737,24,65,1847,91,29.9,1001.4,1008,1,1001.1,1130,1003.4,14,0,,,,,,,,,9.6,7.5,26.7,23.3,,,,,,,,,,,,,
90,2019-08-08,29.3,24.3,205,34.6,1134,,,,,,,8.9,230,1152,4.3,140,1602,1.7,1427,23.3,47,1153,71.4,28.7,1004.5,1007.3,2120,1005.4,220,1006.5,13.9,9.7,,,,,,,,,5.4,2,29.7,22.5,,,,,,,,,,,,,
90,2019-08-09,29.4,26.1,542,33.9,1059,,0,,0,,0,7.2,180,1724,4.3,160,1635,1.6,1417,23.2,52,1043,70.5,28.5,1004.7,1007.5,2330,1005.5,1533,1006.7,13.9,11.2,,,,,,,,,4.4,.5,30.9,23.8,,,,,,,,,,,,,
90,2019-08-10,25.9,24.8,2348,27.6,1554,,0,,0,,0,4.6,360,225,3,340,910,1.3,1121,24.6,84,921,92.6,30.8,1006.8,1009.7,2113,1007.3,41,1008.8,13.9,2.2,,,,,,,,,5.4,4,28.5,23.8,,,,,,,,,,,,,
90,2019-08-11,25.9,23.7,203,28.7,1109,,0,,0,,0,7.6,110,1747,5.1,110,1748,2.3,1990,24.4,83,1111,91.9,30.6,1004.4,1009.4,1,1004.6,2357,1006.4,13.8,1.8,,,,,,,,,7.4,6.8,28,23,,,,,,,,,,,,,
90,2019-08-12,24.8,21.5,1729,26.7,1410,,.7,349,.9,334,2.3,7.4,160,346,4.7,140,347,2,1697,24,90,1248,95.3,29.8,1000,1004.5,1,1001,1549,1002,13.8,.1,,,,,,,,,8.6,6.1,27,22.9,,,,,,,,,,,,,
90,2019-08-13,24.5,22.8,437,26.3,1438,,,,,,,6.4,360,114,4.6,360,114,2.2,1897,22.8,84,1442,90.8,27.7,1002.9,1006.4,2142,1003.4,56,1004.9,13.8,6.2,,,,,,,,,5,4.8,28.3,22.1,,,,,,,,,,,,,
90,2019-08-14,25.1,23.6,454,27.3,1326,,,,,,,4,360,1429,3.1,360,1350,1.4,1228,23.9,85,1310,93,29.6,1001.2,1006,1,1000.7,2358,1003.2,13.7,3.5,,,,,,,,,7.3,7.1,29.7,23.7,,,,,,,,,,,,,
90,2019-08-15,23,21.7,2256,25.3,1,,10.8,1359,37,1349,203.7,12.8,340,1239,7.2,360,1206,2.9,2492,22.5,94,8,97.1,27.3,992.6,1000.7,1,990.7,2253,994.6,13.7,0,,,,,,,,,9.4,7.5,24.2,21.2,,,,,,,,,,,,,
90,2019-08-16,25.8,21.2,329,31.9,1621,,.5,409,1.7,344,3.5,7.7,140,1443,4.1,140,1450,1.4,1230,21.8,53,1944,80.1,26.3,991,996.1,2336,990.9,108,993,13.6,10.3,,,,,,,,,3.6,1.1,27,20.9,,,,,,,,,,,,,
90,2019-08-17,28.1,25.6,2239,31.6,1237,,,,,,,10.9,270,914,4.3,290,453,1.8,1544,18.8,46,1239,57.8,21.8,997,1002.1,2358,996.1,1,999,13.6,7.9,,,,,,,,,5.3,3.4,26.5,21.1,,,,,,,,,,,,,
90,2019-08-18,25.6,21.8,2355,29.3,1142,,,,,,,7.5,160,1552,4.7,160,1645,1.9,1616,17.4,42,936,61.6,20,1003.6,1007.9,2330,1002,1,1005.6,13.6,12.9,,,,,,,,,3.4,0,26.9,18.2,,,,,,,,,,,,,
90,2019-08-19,23.8,20.6,449,27,1056,,,,,,,6.3,20,1346,3.7,340,1452,1.5,1272,20.2,64,812,80.8,23.8,1008.7,1012.3,2338,1007.9,1,1010.7,13.5,12,,,,,,,,,4.3,.1,27.7,18.8,,,,,,,,,,,,,
90,2019-08-20,24.7,21,519,28.4,1313,,.5,2101,.8,2103,.8,5.8,140,2138,3.9,140,1326,2,1704,21.2,69,1406,81.3,25.2,1009.8,1012.8,1133,1010.6,2341,1011.8,13.5,9.8,,,,,,,,,4.9,3.3,28.7,19.6,,,,,,,,,,,,,
90,2019-08-21,24.1,20.7,445,27.5,1201,,.3,1645,.4,1601,.4,5,140,1129,3.4,140,1121,1.1,988,21.7,71,924,87.4,26.1,1006.4,1010.6,1,1007.4,1807,1008.4,13.5,3.4,,,,,,,,,8.4,4.4,26.3,20.2,,,,,,,,,,,,,
90,2019-08-22,26,22.4,611,29.3,1513,,,,,,,3.9,110,1311,2.8,110,1317,1.2,1022,19.9,55,1123,69.4,23.2,1003.2,1007.5,9,1003.9,1510,1005.2,13.4,11,,,,,,,,,7.6,4.4,30.1,19.8,,,,,,,,,,,,,
90,2019-08-23,25.7,22.4,627,30.4,1338,,,,,,,6.2,270,1154,3.6,290,1221,1.4,1197,16.3,35,1124,57,18.6,1004.5,1007.8,2213,1005.3,20,1006.5,13.4,11.5,,,,,,,,,2.9,1,29.6,18.5,,,,,,,,,,,,,
90,2019-08-24,24.4,21.3,2332,28.2,1159,,,,,,,4.8,50,1236,3.2,20,1238,1.3,1138,18.2,49,1054,69.5,21.1,1007.3,1011,2221,1007.3,322,1009.3,13.3,5.5,,,,,,,,,5.6,3.4,27.5,18.1,,,,,,,,,,,,,
90,2019-08-25,22.9,20.3,313,27.6,1227,,6.8,1751,20.5,1713,24.2,5,50,1319,3.3,110,1506,1.5,1293,20.4,66,1126,86.6,24,1010.5,1013.2,1032,1010.6,145,1012.5,13.3,7.7,,,,,,,,,5,1.5,27.5,19,,,,,,,,,,,,,
90,2019-08-26,24,19.6,523,27.3,1433,,,,,,,3.7,140,1137,2.6,140,1633,1.3,1165,20.9,71,1634,83.9,24.8,1010.3,1013.8,801,1010.9,2358,1012.3,13.3,9,,,,,,,,,4.9,1.5,26.6,19,,,,,,,,,,,,,
90,2019-08-27,23.9,20.6,2241,28.1,1444,,0,,0,,0,8,160,1538,4.9,160,1538,1.5,1254,19.8,57,1440,79.1,23.2,1005.7,1010.9,1,1006.2,1423,1007.7,13.2,5.7,,,,,,,,,7.4,3,26.5,19.5,,,,,,,,,,,,,
90,2019-08-28,24.8,20.1,50,28.8,1600,,,,,,,6.7,160,1533,4.5,140,1539,1.8,1513,19.4,57,2249,72.6,22.6,1003.3,1006.9,940,1003.2,1726,1005.3,13.2,7.5,,,,,,,,,4.9,.9,26.8,19.2,,,,,,,,,,,,,
90,2019-08-29,24.2,21.3,2216,27.4,1715,,.3,1304,.3,1214,.3,6.9,160,1646,4.7,160,1652,1.1,988,16.9,48,1717,63.9,19.3,1002.6,1005.6,850,1002.7,1656,1004.6,13.2,2.8,,,,,,,,,6.3,3,23.8,18.3,,,,,,,,,,,,,
90,2019-08-30,24.9,21,614,29.2,1328,,,,,,,10.6,290,906,4.3,270,1406,2.4,2072,14,38,1341,51.4,16,1004,1008.5,2307,1004.2,434,1006,13.1,11.1,,,,,,,,,1.9,.4,26.3,17.4,,,,,,,,,,,,,
90,2019-08-31,23.8,19.3,2348,29.5,1304,,,,,,,7.8,290,34,4.3,290,34,1.6,1422,15.6,39,1323,61.5,17.8,1009.8,1014.7,2344,1008.1,137,1011.8,13.1,11.6,,,,,,,,,1,.3,27.5,17.1,,,,,,,,,,,,,
90,2019-09-01,23.3,19.1,208,27.3,1107,,,,,,,4,140,1537,2.7,140,1539,1.2,1069,17.3,55,1201,69.9,19.9,1014.5,1017.5,954,1014.6,11,1016.5,13,8.4,,,,,,,,,6,4.1,25.8,16.7,,,,,,,,,,,,,
90,2019-09-02,23.8,19.7,221,28.8,1342,,,,,,,4.7,140,1347,3.5,140,1352,1.2,1046,16.5,44,1026,64.1,18.9,1014.5,1017.4,705,1015.3,1641,1016.5,13,8.8,,,,,,,,,6.1,2.9,27.1,16.4,,,,,,,,,,,,,
90,2019-09-03,22,20.2,2146,27.3,1402,,.4,2126,1.1,2126,1.4,6.1,140,1451,3.9,160,1547,1.3,1156,18.3,61,1353,80.3,21.1,1015.1,1018.1,954,1016,311,1017.1,13,.6,,,,,,,,,9.9,6.1,24.4,19.2,,,,,,,,,,,,,
90,2019-09-04,21.6,20.1,154,23.2,1318,,2.7,1532,9.4,847,29.3,3.8,20,2358,2.2,20,2400,.7,625,21,92,1417,96.6,24.9,1012.7,1017.6,1,1012.3,2226,1014.8,12.9,0,,,,,,,,,9.5,7.3,23.2,20.4,,,,,,,,,,,,,
90,2019-09-05,23.1,21.6,329,26.6,1359,,3.3,1901,12.8,1824,41.1,3.6,20,1216,2.8,360,1208,.9,759,22,81,1017,94,26.4,1010.8,1014.3,917,1011.2,2345,1012.8,12.9,2.5,,,,,,,,,9.4,4.5,25.1,21.4,,,,,,,,,,,,,
90,2019-09-06,23.4,21.2,456,26.6,1334,,.1,,.3,201,.7,3.5,340,1609,2.7,20,1303,1,872,21.7,78,1336,90.8,25.9,1009.1,1012.1,955,1010.2,2357,1011.1,12.8,2.7,,,,,,,,,9.7,,25.3,21.1,,,,,,,,,,,,,
90,2019-09-07,26.7,22.3,158,32.3,1804,,0,,0,,0,18.1,180,1541,9.9,160,1230,4.1,3528,21.5,48,1804,75.8,25.8,997.9,1010.2,1,992.3,1554,999.9,12.8,1.9,,,,,,,,,8.7,6.3,26.1,21.9,,,,,,,,,,,,,
90,2019-09-08,26.3,23,1120,29.9,1601,,,,,,,12.4,270,417,4.5,270,233,1.8,1525,18.8,50,146,64,21.8,1003.4,1008.3,2234,999.5,2,1005.4,12.8,2.5,,,,,,,,,10,6.3,25.2,22.3,,,,,,,,,,,,,
90,2019-09-09,24.4,22.9,501,28,1412,,.2,,.4,938,.4,5,160,1630,3.4,160,1624,.9,776,20.6,65,1417,79.9,24.3,1007.9,1011.5,2221,1007.8,257,1009.9,12.7,3.9,,,,,,,,,9.4,6.5,26.2,21.9,,,,,,,,,,,,,
90,2019-09-10,21,19.7,2004,23.3,32,,2.3,2308,10.5,2258,50.4,6.8,340,917,4.3,360,912,1,891,20.2,90,1,95.4,23.7,1012.2,1015.9,2312,1011,55,1014.2,12.7,0,,,,,,,,,9.8,6.8,22.8,19.9,,,,,,,,,,,,,
90,2019-09-11,19.6,18.7,1630,20.7,1035,,2.6,144,8.2,115,27.1,7.6,50,941,4.6,50,1059,1.7,1427,18.9,89,1205,95.9,21.8,1016.2,1021.1,2156,1014.8,232,1018.2,12.6,0,,,,,,,,,,,21.3,18.6,,,,,,,,,,,,,
90,2019-09-12,20,17.9,2358,23.9,1233,,0,,0,,0,4.3,140,1239,2.5,160,1032,1.2,1016,16.3,61,1241,80,18.5,1017.4,1021.5,900,1017.6,2349,1019.4,12.6,2.2,,,,,,,,,8.3,4.4,21.7,16,,,,,,,,,,,,,
90,2019-09-13,20,15.2,538,24.7,1326,,,,,,,6.6,140,1555,4.1,140,1458,1.5,1339,16,63,1448,78.6,18.2,1013.3,1017.7,1,1013.1,2357,1015.4,12.6,9.7,,,,,,,,,4.6,1.9,22.4,13.8,,,,,,,,,,,,,
90,2019-09-14,21.4,17.8,37,25,1533,,,,,,,6.8,360,2335,4.1,360,2341,1.1,959,18.3,70,2006,83.3,21.1,1008.6,1013.1,1,1008.1,1542,1010.6,12.5,2.7,,,,,,,,,8.1,6.1,22,16.9,,,,,,,,,,,,,
90,2019-09-15,20.1,16.2,2151,22.8,1546,,0,,0,,0,7.2,50,844,4,20,848,1.6,1418,16.5,59,1354,80.8,18.9,1011,1014.9,944,1011.8,9,1013,12.5,1.4,,,,,,,,,7.4,6.5,21.3,15.4,,,,,,,,,,,,,
90,2019-09-16,19.6,15.8,123,24.1,1250,,,,,,,3.6,20,1105,2.7,20,1107,1.4,1209,15.7,61,1420,79,17.9,1010.7,1015.2,2350,1011.1,257,1012.8,12.4,8.7,,,,,,,,,4,3.3,23.8,14.8,,,,,,,,,,,,,
90,2019-09-17,20.3,16.1,21,24.3,1543,,,,,,,4.4,140,1616,2.9,110,1510,1.7,1454,16.3,65,1453,78.6,18.6,1013.9,1018.1,935,1013.9,2341,1015.9,12.4,9.5,,,,,,,,,5.6,3.9,24.1,15,,,,,,,,,,,,,
90,2019-09-18,20.5,17.3,2228,25.5,1011,,,,,,,9.5,360,1049,5.7,20,1055,1.6,1423,12.9,41,1550,63.4,15,1014,1019.3,2241,1012.3,445,1016.1,12.4,10.1,,,,,,,,,4.6,4.3,23.3,14.2,,,,,,,,,,,,,
90,2019-09-19,19.3,15.2,2324,23.9,1259,,,,,,,5.8,160,347,3.6,140,353,1.6,1352,13.6,54,1253,70.8,15.7,1016.1,1020.6,634,1015.8,1834,1018.2,12.3,7.7,,,,,,,,,5.9,4.5,22.3,13.8,,,,,,,,,,,,,
90,2019-09-20,19.3,15.7,19,22.9,1149,,,,,,,3.3,20,1327,2.5,290,125,1.3,1130,13.1,56,954,68.1,15.2,1016.9,1020.8,2333,1017,323,1019,12.3,.7,,,,,,,,,9.6,8.1,20.8,14.3,,,,,,,,,,,,,
90,2019-09-21,19,16.8,108,22,1156,,,,,,,7.9,160,1935,5.2,160,1936,1.7,1479,14,61,1836,73,16,1018.7,1022.7,2209,1019.2,1351,1020.8,12.2,0,,,,,,,,,10,5.5,19.7,16.3,,,,,,,,,,,,,
90,2019-09-22,16.3,15.3,1819,17.4,118,,1.8,1244,8.7,1246,58.8,10.8,50,2132,7.4,70,2136,3.2,2728,14.3,71,1,88.1,16.3,1016.9,1022.4,1,1014.6,2400,1019,12.2,0,,,,,,,,,10,,16.9,14.1,,,,,,,,,,,,,
90,2019-09-23,17,11.6,2355,20.6,1442,,.6,828,.7,801,.7,10.9,20,458,6.9,20,520,2.9,2468,11.6,48,1628,71.8,13.7,1012.9,1016.9,2153,1012.4,330,1014.9,12.1,4.2,,,,,,,,,1.9,0,17.9,9.8,,,,,,,,,,,,,
90,2019-09-24,17.9,11.9,43,23.7,1218,,,,,,,3.8,140,1629,2.7,140,1238,1.2,1013,12.9,57,1219,73.6,15,1015.3,1018.9,2358,1015.9,241,1017.4,12.1,11.3,,,,,,,,,0,0,19.7,9.1,,,,,,,,,,,,,
90,2019-09-25,19.4,14,414,23.2,923,,,,,,,3.5,20,1405,2.3,360,1340,1,895,15.3,54,835,78.3,17.6,1020.2,1024.5,2217,1018.8,227,1022.3,12.1,8.8,,,,,,,,,4.8,.3,20.8,11.7,,,,,,,,,,,,,
90,2019-09-26,19.5,15.4,549,24,1456,,,,,,,5,140,1357,3.4,140,1401,1.3,1136,16.5,67,1254,83.6,18.9,1022.3,1025.2,928,1023.5,442,1024.4,12,8,,,,,,,,,8.4,6,22.2,14.2,,,,,,,,,,,,,
90,2019-09-27,19.7,16.5,611,23,927,,,,,,,3.2,270,439,2.4,20,937,1.1,943,16.3,69,1326,80.9,18.6,1021.3,1025.4,915,1021.3,2400,1023.4,12,3.5,,,,,,,,,8.6,6.8,21.3,15.2,,,,,,,,,,,,,
90,2019-09-28,20.1,17.4,2356,24,1050,,,,,,,3.8,160,1644,2.5,160,1649,1.1,980,17.9,75,844,87.3,20.5,1016.1,1021.3,1,1016,1742,1018.1,12,3.2,,,,,,,,,4.4,3.3,21.4,15.4,,,,,,,,,,,,,
90,2019-09-29,20.9,15.9,604,26.9,1526,,,,,,,5.6,140,1413,3.6,160,1409,1.1,968,16.2,49,1527,75.1,18.6,1012.9,1016.3,118,1013.6,1543,1014.9,11.9,11.1,,,,,,,,,0,0,23.2,13,,,,,,,,,,,,,
90,2019-09-30,20.5,15.4,520,24.9,1432,,,,,,,4.1,20,1517,2.8,360,1103,1.2,1007,15,51,1013,72.3,17.4,1014.8,1018.3,2325,1015,1,1016.8,11.9,11.1,,,,,,,,,0,0,23.1,12.9,,,,,,,,,,,,,
90,2019-10-01,20.6,15.9,422,25,1112,,,,,,,3.7,110,1323,2.6,110,1324,1,825,18.1,70,1040,86.8,21,1016.8,1020.6,856,1017.6,256,1018.9,11.8,7.1,,,,,,,,,6,3.1,22.9,14.5,,,,,,,,,,,,,
90,2019-10-02,20.9,20,7,22.8,1106,,1.5,2317,7.7,2331,23.1,7.7,110,2216,5.2,110,2223,1.3,1100,19.8,86,1109,93.6,23,1012.9,1018.4,32,1009.8,2355,1014.9,11.8,0,,,,,,,,,9.7,9.5,21.3,18.9,,,,,,,,,,,,,
90,2019-10-03,20.6,19,2257,21.2,753,,4.2,516,13.7,431,78.8,15.6,340,820,10.2,360,926,4.2,3633,17.8,67,1930,85.1,20.5,1004.8,1011,2358,1003.6,820,1006.8,11.7,0,,,,,,,,,8.6,5.9,20,17.4,,,,,,,,,,,,,
90,2019-10-04,20.1,17.6,647,22,909,,,,,,,6,160,1819,3.8,160,1557,1.6,1385,17.3,74,5,84.1,19.7,1010.8,1014.3,1025,1011,1,1012.8,11.7,.4,,,,,,,,,8.1,5.8,20.8,16.7,,,,,,,,,,,,,
90,2019-10-05,14.9,12.5,1651,19.4,4,,4.9,855,19.5,837,46.4,10.4,50,1201,6.3,340,352,2.9,2493,13.3,78,2333,90.5,15.5,1016.8,1024.3,2335,1011.1,219,1018.9,11.7,0,,,,,,,,,9.6,7.5,16.1,12.4,,,,,,,,,,,,,
90,2019-10-06,14.6,11.5,303,18.7,1430,,,,,,,5.8,140,1632,3.4,140,1611,1.3,1101,9.5,51,1436,72.5,11.9,1022.8,1026.7,919,1023.3,2344,1024.9,11.6,.3,,,,,,,,,8.8,7,15.1,10.7,,,,,,,,,,,,,
90,2019-10-07,14.9,11.9,1,17.9,1211,,0,,0,,0,4,340,1656,1.9,340,1705,.9,795,11.5,63,1158,81,13.6,1015.4,1023.3,1,1013.7,2322,1017.5,11.6,.1,,,,,,,,,8.5,,15.7,11.5,,,,,,,,,,,,,
90,2019-10-08,16.8,11.4,2321,22.3,1325,,,,,,,11.2,360,1416,6.7,360,1554,2.5,2135,4.7,28,2244,45.8,8.9,1012.8,1018.6,2239,1011.9,452,1014.8,11.5,9.6,,,,,,,,,1.7,.3,15.9,7,,,,,,,,,,,,,
90,2019-10-09,15,8.6,435,20.6,1312,,,,,,,6.4,140,1315,4.2,140,1503,1.7,1431,4.1,29,123,50,8.5,1015,1019.8,737,1014.7,1733,1017.1,11.5,9.3,,,,,,,,,2.5,.3,15.2,5.8,,,,,,,,,,,,,
90,2019-10-10,16,10.9,246,20.7,1434,,,,,,,3.7,140,1404,2.6,290,512,.9,811,8.1,44,1423,60.1,10.9,1012.2,1015.8,1,1012.8,1437,1014.3,11.5,.3,,,,,,,,,9,7.3,15.6,8.4,,,,,,,,,,,,,
90,2019-10-11,18.4,12.9,555,21.4,1415,,,,,,,9.7,360,1143,6.9,360,1208,2.9,2506,12,48,459,67.1,14.5,1014.8,1019.8,2334,1013.8,258,1016.8,11.4,8.9,,,,,,,,,5.3,.9,18.4,9.2,,,,,,,,,,,,,
90,2019-10-12,17.4,15.7,2303,19.1,1,,,,,,,10,20,1423,6.3,50,1238,4.5,3905,10,54,542,62,12.3,1019.2,1022.6,2242,1019.5,132,1021.3,11.4,4.2,,,,,,,,,7,5.6,17.7,14.7,,,,,,,,,,,,,
90,2019-10-13,15.6,12.6,2134,18.8,1347,,,,,,,6.6,20,128,4.2,50,130,1.6,1413,8.9,54,1225,65.1,11.4,1021.8,1025.2,900,1022.4,1,1023.9,11.3,2.4,,,,,,,,,7,6.3,16.4,10.1,,,,,,,,,,,,,
90,2019-10-14,14.4,10.8,2352,21.4,1249,,2.1,1812,8.2,1749,23.8,11.3,340,1353,7.1,360,1339,2,1752,9.9,44,1251,76,12.2,1022.7,1030.7,2358,1021.5,641,1024.8,11.3,2.2,,,,,,,,,8,5.3,14.8,8.9,,,,,,,,,,,,,
90,2019-10-15,11.1,8.4,2143,15,1516,,1.2,326,3.7,351,12.7,5,160,1558,2.5,140,1600,1,846,8.8,64,1625,86.4,11.3,1027.5,1032.1,827,1027.4,2350,1029.7,11.3,3,,,,,,,,,5.5,4.5,13.9,6.8,,,,,,,,,,,,,
90,2019-10-16,14.3,8,205,20,1420,,,,,,,5.6,160,1605,3.6,140,1502,1.2,1027,7.7,38,1256,66.3,10.6,1022.6,1027.4,1,1022.8,1721,1024.8,11.2,10.4,,,,,,,,,,,14,5.9,,,,,,,,,,,,,
90,2019-10-17,15.4,12,2325,19.7,1350,,,,,,,4.2,140,1635,2.8,290,555,1.4,1175,8.5,44,1230,64.8,11.2,1023.2,1026.5,2256,1023.8,36,1025.3,11.2,4.4,,,,,,,,,6.9,5.4,15,10.2,,,,,,,,,,,,,
90,2019-10-18,16.1,11.2,208,18.9,1537,,.6,722,.6,632,.6,7.4,110,1531,4.5,140,1510,1.9,1599,11.5,57,1838,75.1,13.6,1021.8,1026.4,156,1021.7,2343,1023.9,11.1,0,,,,,,,,,8.4,6,14.7,9.1,,,,,,,,,,,,,
90,2019-10-19,15.3,11.8,2324,19,1006,,0,,0,,0,7.7,360,1309,5.4,360,1303,1.7,1453,12,63,1002,81.5,14.1,1018.7,1021.7,1,1020.1,1431,1020.8,11.1,9,,,,,,,,,4.4,2.3,16,10.1,,,,,,,,,,,,,
90,2019-10-20,16.4,10.8,451,22,1246,,,,,,,5.5,160,1451,3.9,160,1453,1.4,1234,10.9,53,1118,70.9,13.1,1018.5,1022.5,844,1019.3,1648,1020.6,11.1,10.2,,,,,,,,,.1,0,15.8,8.7,,,,,,,,,,,,,
90,2019-10-21,16.5,12.8,243,21,1348,,,,,,,3.6,250,133,2.3,270,115,1.3,1135,10.9,51,1025,70.4,13.2,1017,1020.6,916,1017.7,1600,1019.1,11,9.7,,,,,,,,,1.3,0,16.2,8.5,,,,,,,,,,,,,
90,2019-10-22,15.9,12.1,2338,19.1,1421,,,,,,,4.6,360,1129,2.9,360,1026,1.2,1017,12.4,67,1454,80,14.4,1016.9,1019.8,837,1018.2,1420,1019,11,.3,,,,,,,,,4.5,3.9,15.4,9.2,,,,,,,,,,,,,
90,2019-10-23,16.4,11.6,112,19.2,1353,,,,,,,4,360,1346,2.5,290,339,1.4,1232,12.1,64,1625,76.5,14.2,1018.5,1022.4,2120,1019,6,1020.6,10.9,.6,,,,,,,,,8.3,4.8,16,8.7,,,,,,,,,,,,,
90,2019-10-24,18,15.1,424,21.1,1326,,.1,,.1,,.1,7.8,20,2230,4.9,20,2235,2.1,1842,12.1,52,1331,68.9,14.1,1019.4,1023,917,1020.5,2400,1021.5,10.9,2.2,,,,,,,,,8,2.8,16.7,13.8,,,,,,,,,,,,,
90,2019-10-25,16.3,13.1,2207,19,1155,,,,,,,6,290,2355,4.2,360,1052,1.9,1657,9.9,52,1149,66.6,12.2,1014.8,1020.5,1,1013.8,2400,1016.9,10.9,5,,,,,,,,,7.1,3.4,16.4,11.6,,,,,,,,,,,,,
90,2019-10-26,13.5,9.1,2306,18,9,,,,,,,11,290,328,6.5,290,336,2.4,2046,3.7,34,1029,51.9,8,1013.1,1016.4,2122,1013.2,331,1015.2,10.8,9.6,,,,,,,,,2.4,1.9,14,5.4,,,,,,,,,,,,,
90,2019-10-27,13.1,8,658,18.2,1455,,,,,,,6.1,290,408,3.4,290,433,1.6,1417,.5,28,1016,43,6.4,1014.8,1018.4,938,1015.8,1715,1016.9,10.8,10.1,,,,,,,,,0,0,12.8,4.4,,,,,,,,,,,,,
90,2019-10-28,14.7,9.4,651,18.9,1310,,,,,,,6.5,270,1655,4.1,140,1326,1.6,1409,4.2,33,1700,50,8.3,1011.7,1017.4,54,1010,2259,1013.8,10.8,9.2,,,,,,,,,3.5,2,13.8,5.3,,,,,,,,,,,,,
90,2019-10-29,15.1,11.7,2347,18.7,1302,,,,,,,9.5,270,746,5.1,270,748,2.5,2194,2.2,30,1506,42.6,7.3,1010.9,1016.7,2349,1010.1,13,1013,10.7,9.5,,,,,,,,,1.1,0,15.3,6.7,,,,,,,,,,,,,
90,2019-10-30,13.6,6.5,700,19,1459,,,,,,,7.8,250,1626,4.4,270,1635,1.5,1287,.3,25,1529,40.6,6.3,1015.9,1019.6,850,1016.5,7,1018,10.7,10.1,,,,,,,,,0,0,13.1,2.1,,,,,,,,,,,,,
90,2019-10-31,18.1,12.8,236,21.2,1457,,,,,,,14.2,270,1111,8,270,1043,3.3,2844,5.1,30,26,43,8.9,1014.2,1017.8,58,1013.9,1451,1016.3,10.6,9.6,,,,,,,,,0,0,15.5,9.5,,,,,,,,,,,,,
90,2019-11-01,15.8,11.6,2301,19.6,1353,,,,,,,5.8,360,950,3.7,360,950,1.6,1344,7.3,37,1033,58.6,10.3,1018.7,1022.2,1051,1016.9,1,1020.8,10.6,9.4,,,,,,,,,.9,.1,15.7,9.2,,,,,,,,,,,,,
90,2019-11-02,15.2,10.2,700,19.6,1304,,,,,,,3.8,160,1444,2.7,140,1334,1.1,920,8.7,53,2116,65.8,11.3,1016.4,1021.5,1,1016.1,2011,1018.5,10.6,5.7,,,,,,,,,5.8,3,14.3,7.6,,,,,,,,,,,,,
90,2019-11-03,12.3,9.2,2340,16,17,,,,,,.8,10.9,70,833,7.2,70,812,2.5,2150,8.1,51,17,77.4,10.9,1019.6,1024.3,2128,1017,1,1021.7,10.5,0,,,,,,,,,8.6,7.9,12.4,8.4,,,,,,,,,,,,,
90,2019-11-04,11.7,7.6,2352,16.6,1141,,,,,,,5.4,180,1607,3,140,1418,1.5,1312,6.7,52,1134,72.8,9.8,1020.1,1024.4,837,1019.8,2323,1022.2,10.5,6,,,,,,,,,3.5,2.8,13,6,,,,,,,,,,,,,
90,2019-11-05,15,7.6,324,21.1,1333,,,,,,,7.1,290,1658,3.4,270,1645,1.3,1153,2.9,23,1353,46.8,7.6,1014.1,1019.8,1,1013.8,1637,1016.2,10.5,9.8,,,,,,,,,0,0,13.1,4.6,,,,,,,,,,,,,
90,2019-11-06,14.5,9.7,732,18.4,1010,,,,,,,8.3,250,2344,4,230,2353,1.6,1356,3.5,30,2345,48.5,8,1012.6,1017.3,925,1011.7,2354,1014.7,10.4,8.2,,,,,,,,,5.4,3.6,13.6,7.7,,,,,,,,,,,,,
90,2019-11-07,11.8,7.6,2400,15.2,1113,,,,,,.6,8.7,50,1224,5.1,20,1224,1.8,1548,3.1,31,934,59.1,7.9,1013.6,1019,2246,1011,315,1015.7,10.4,5.8,,,,,,,,,6.3,5.1,12.3,6.5,,,,,,,,,,,,,
90,2019-11-08,10.3,5.4,656,14.9,1307,,,,,,,4.6,290,2109,2.5,270,2115,1.3,1082,.1,35,1332,51,6.3,1016.8,1020.6,900,1017.3,1432,1019,10.4,9.5,,,,,,,,,.5,0,10.7,3.2,,,,,,,,,,,,,
90,2019-11-09,10.1,7.5,2358,13.6,1209,,,,,,2.4,7.9,340,912,4.8,360,1223,1.9,1656,3,35,32,65,8,1018.3,1022.2,914,1019.2,2340,1020.5,10.3,1.1,,,,,,,,,6,4.3,9.7,5.1,,,,,,,,,,,,,
90,2019-11-10,10.8,5.9,312,15.4,1356,,,,,,,3.6,270,2359,2.6,270,552,1.2,996,3.5,48,1021,61.9,7.9,1008.7,1019.1,1,1002.9,2349,1010.9,10.3,2.1,,,,,,,,,7.9,6.8,9.6,4.6,,,,,,,,,,,,,
90,2019-11-11,13.3,9.5,713,17.3,1308,,,,,,,10.5,290,400,6,290,1135,2.4,2107,3.7,40,1313,52.8,7.9,1005.8,1015.5,2352,1001.6,206,1007.9,10.3,9.2,,,,,,,,,2.4,1,11.8,6,,,,,,,,,,,,,
90,2019-11-12,11.4,7.5,603,16.4,1508,,,,,,,4.6,290,252,2.6,290,218,1.4,1230,2.4,38,1257,55.1,7.3,1017.4,1021,933,1015.5,1,1019.5,10.2,8.1,,,,,,,,,2.4,2.1,10.6,4.1,,,,,,,,,,,,,
90,2019-11-13,11.4,6.5,2400,17.4,1452,,,,,,0,15.1,290,2134,7.1,290,2143,2.4,2068,-1.9,18,1026,41,5.6,1011.1,1020.4,34,1006.3,1442,1013.2,10.2,3.2,,,,,,,,,6.1,3.5,10.4,3.4,,,,,,,,,,,,,
90,2019-11-14,3.4,.2,716,6.5,1,,,,,,,13.2,290,944,7.3,290,932,3,2592,-17.7,12,946,20.3,1.6,1018.1,1022.2,806,1015.3,1,1020.3,10.2,9.5,,,,,,,,,.4,0,4.7,-2.9,,,,,,,,,,,,,
90,2019-11-15,8.8,3.7,3,12.2,1401,,,,,,,12.3,140,442,4.9,290,1330,2.1,1816,0,24,12,54.1,6.2,1014.1,1020.2,1,1014.4,442,1016.2,10.1,3.6,,,,,,,,,5,3.5,8.1,1.2,,,,,,,,,,,,,
90,2019-11-16,9.7,5,319,15,1125,,,,,,,4.4,20,1132,2.9,50,1307,1.5,1276,-1.6,26,1128,46.4,5.5,1017.2,1021.5,2150,1017.3,449,1019.3,10.1,9.3,,,,,,,,,1.6,.8,8.5,1.6,,,,,,,,,,,,,
90,2019-11-17,10.6,7.9,1,15.3,1038,,,,,,13.2,6.4,160,1541,3.2,180,1548,1.3,1115,2.2,30,1033,61,7.6,1016.5,1023.6,946,1006.9,2359,1018.6,10.1,1.1,,,,,,,,,9.5,7.8,9.4,4.3,,,,,,,,,,,,,
90,2019-11-18,8.2,1.6,2344,14.2,605,,,,,,7.4,15.5,290,614,7.5,290,2208,3.1,2644,-5.4,16,1501,42.3,5.1,1010.6,1019.3,2123,1004.6,513,1012.7,10.1,6.7,,,,,,,,,5.3,.6,7.8,.5,,,,,,,,,,,,,
90,2019-11-19,2,-.8,656,5.3,1444,,,,,,,13.7,270,703,7.2,290,631,3.4,2903,-14.8,18,1719,28.4,2,1019.4,1025.5,2330,1018.7,52,1021.6,10,9.2,,,,,,,,,.5,.3,1.9,-4.2,,,,,,,,,,,,,
90,2019-11-20,3.6,-1.2,720,8.5,1453,,,,,,,5.5,270,214,3,290,2146,1.3,1120,-13.4,16,1137,28.1,2.2,1026.5,1030.7,2230,1025.3,1,1028.7,10,9.3,,,,,,,,,.3,0,2.4,-5.3,,,,,,,,,,,,,
90,2019-11-21,6.5,.7,411,11.2,1351,,,,,,,4.3,290,307,2.7,290,300,1.3,1104,-8.5,21,310,34,3.3,1029.1,1033,955,1030.1,2355,1031.3,10,6.3,,,,,,,,,5.3,5,3.5,-3,,,,,,,,,,,,,
90,2019-11-22,9.3,4.6,653,15.3,1226,,,,,,,4.1,140,1612,2.2,110,1358,1.4,1186,-.1,37,848,53,6.3,1026,1030.1,1,1026.5,2256,1028.2,9.9,9,,,,,,,,,1.3,.6,6.9,1.7,,,,,,,,,,,,,
90,2019-11-23,11.4,6.2,444,16.3,1245,,,,,,,4.5,230,2232,2.5,180,1644,1.2,1071,5,50,1246,65,8.8,1021.5,1026.9,656,1019.1,2228,1023.7,9.9,7.2,,,,,,,,,5.4,3,8.6,3.1,,,,,,,,,,,,,
90,2019-11-24,13.8,9,337,19.8,1333,,,,,,8,10.3,290,2222,6.3,290,1538,1.9,1647,7.4,44,1007,66.6,10.4,1015.3,1020.8,2356,1013.4,1518,1017.4,9.9,6.6,,,,,,,,,7.7,5.5,10.9,6.4,,,,,,,,,,,,,
90,2019-11-25,4.5,3,2357,10.4,14,,,,,,71.1,11.3,50,444,6.4,50,423,2,1746,3.3,82,643,92.3,7.7,1027.6,1032.4,2213,1020.7,30,1029.8,9.9,0,,,,,,,,,6.9,5.9,6.4,2,,,,,,,,,,,,,
90,2019-11-26,6.4,1.5,133,11.7,1449,,,,,,,4,140,1518,2.6,140,1519,1.5,1305,2.7,57,1436,78,7.4,1026.5,1032,1,1025.7,2314,1028.7,9.8,8.5,,,,,,,,,1.9,.1,6.1,.3,,,,,,,,,,,,,
90,2019-11-27,6.8,3.7,2003,9.3,1431,,,,,,25.4,10.3,340,1701,6.5,360,1340,2.8,2419,.6,37,1358,66.8,6.5,1024.6,1030.3,2353,1023.8,441,1026.8,9.8,8,,,,,,,,,6.9,4.8,5.7,1.1,,,,,,,,,,,,,
90,2019-11-28,2.4,1.3,2334,5.5,47,,,,,,28.4,6.7,50,59,3.7,70,5,1.4,1193,1.6,82,130,94.4,6.9,1028.6,1033,1021,1029.1,2307,1030.8,9.8,0,,,,,,,,,8.1,6.8,4.2,.3,,,,,,,,,,,,,
90,2019-11-29,3.5,.5,301,7.3,1459,,,,,,,8.7,340,1232,6.3,360,1233,2.3,2015,-2,34,1038,68.1,5.3,1028.3,1032.3,2157,1028.5,519,1030.5,9.8,8.9,,,,,,,,,3.3,1.6,2.9,-1.2,,,,,,,,,,,,,
90,2019-11-30,7.1,1.8,726,12.1,1501,,,,,,,6.5,270,2326,3.3,270,2334,1.2,1052,-1,21,2317,59.1,5.9,1025,1032.1,14,1023.6,2242,1027.2,9.7,5.6,,,,,,,,,7.1,5.6,5.3,.2,,,,,,,,,,,,,
90,2019-12-01,7.4,5.2,2351,9.6,1220,,,,,,0,7.5,290,634,3.7,270,56,1.2,1049,0,26,9,60.9,6.2,1017.4,1023.8,1,1015.1,2351,1019.6,9.7,0,,,,,,,,,10,3.3,6.2,4.3,,,,,,,,,,,,,
90,2019-12-02,2.8,-1.1,2345,7,44,,,,,,0,14.5,290,514,9.9,290,538,3.2,2751,-12.8,21,1425,31.4,2.4,1015.2,1022.6,2359,1012.7,513,1017.4,9.7,8.6,,,,,,,,,1.8,1,2.5,-3.9,,,,,,,,,,,,,
90,2019-12-03,1.8,-3.1,431,5.5,1517,,,,,,,12,290,1140,5.8,270,1141,2,1758,-11,28,259,38.5,2.7,1020.2,1024.2,314,1020,1443,1022.4,9.7,8.9,,,,,,,,,1.9,1.3,.8,-6.1,,,,,,,,,,,,,
90,2019-12-04,3.1,-1.1,645,7.4,1325,,,,,,,11.1,270,1544,6.4,290,1548,1.7,1428,-12.1,22,1507,32.4,2.4,1024.4,1029.6,2359,1023.7,1,1026.6,9.7,8.9,,,,,,,,,.6,0,1.1,-5.2,,,,,,,,,,,,,
90,2019-12-05,-1.2,-6,2359,3,1337,,,,,,,10.2,290,1050,5.3,290,1122,2.1,1827,-22.4,7,1356,20.6,1.1,1029.6,1035.3,2155,1029.6,1,1031.8,9.6,9,,,,,,,,,.3,0,-.8,-7.2,,,,,,,,,,,,,
90,2019-12-06,-1.7,-7.1,609,4.4,1405,,,,,,,5.2,360,2334,3.1,340,2335,1.2,1074,-20.3,13,1426,23.4,1.2,1028.9,1035.2,13,1027.2,2325,1031.1,9.6,9,,,,,,,,,0,0,-1.8,-10.1,,,,,,,,,,,,,
90,2019-12-07,2.1,-2.5,2,6.4,1225,,,,,,,10.4,290,1547,6.3,290,1555,2.1,1805,-8.5,20,9,45.9,3.2,1023.5,1028.2,112,1022.9,1543,1025.7,9.6,9,,,,,,,,,.5,0,.1,-6.2,,,,,,,,,,,,,
90,2019-12-08,2.9,-2,6,9.8,1430,,,,,,,5.3,290,142,3.6,290,144,1.5,1275,-10.7,16,1539,38.1,2.7,1023.2,1027.3,1,1023.9,1426,1025.4,9.6,9,,,,,,,,,1.3,1.3,.9,-4.6,,,,,,,,,,,,,
90,2019-12-09,6.8,.9,24,11,1525,,,,,,,8.6,290,1314,3,290,158,1.2,1035,-2.9,26,57,50.9,5.1,1018.8,1023.9,1,1018.6,2347,1020.9,9.6,4.6,,,,,,,,,7.5,3.5,2.7,-3.3,,,,,,,,,,,,,
90,2019-12-10,10.4,7.3,37,14,1412,,,,,,0,7.8,290,1710,3.7,180,909,1.5,1277,.8,27,1615,52.8,6.6,1015,1018.8,1,1015.7,1514,1017.1,9.6,4.3,,,,,,,,,6,3.4,6.3,3.5,,,,,,,,,,,,,
90,2019-12-11,9.3,1.3,2348,14.4,1139,,,,,,0,15.9,270,2245,6.2,270,2206,2.8,2424,-2.9,22,1954,42.9,5.4,1010.7,1018.6,2333,1007.7,1255,1012.8,9.6,4.1,,,,,,,,,4.8,2.9,6.8,.2,,,,,,,,,,,,,
90,2019-12-12,1.8,-1.3,2325,5.7,1342,,,,,,,13.7,290,252,6.2,290,1035,2.7,2314,-16.9,16,1229,24.1,1.7,1022.8,1028,2141,1018.1,5,1025,9.6,8.9,,,,,,,,,.3,0,1.1,-6.1,,,,,,,,,,,,,
90,2019-12-13,3.5,-2.3,258,7.8,1445,,,,,,0,11.4,290,1322,5.2,290,1434,1.7,1439,-6.7,21,202,48.1,3.9,1021.6,1027.8,1,1019.2,2347,1023.8,9.6,3.7,,,,,,,,,5.5,1.9,1.7,-6.2,,,,,,,,,,,,,
90,2019-12-14,4.4,1.6,2007,7.8,1224,,,,,,0,9.8,290,158,4.9,290,207,2,1744,-4.4,37,1207,53.9,4.4,1024.2,1030.9,2137,1018.7,436,1026.4,9.5,8.7,,,,,,,,,3.3,1,3,-1.2,,,,,,,,,,,,,
90,2019-12-15,6.2,.5,743,11.6,1218,,,,,,,5.3,160,1045,3,160,1048,1.2,1041,-2,37,1228,56.4,5.3,1026.5,1031.3,939,1025.9,2334,1028.7,9.5,7.6,,,,,,,,,4.4,2.3,3.1,-3,,,,,,,,,,,,,
90,2019-12-16,9,2.9,513,14.4,1326,,,,,,0,4.6,160,1307,3.1,140,1313,1.4,1169,.3,33,1319,55.8,6.3,1019.5,1025.9,1,1016.5,2352,1021.6,9.5,8.8,,,,,,,,,3.1,1.8,5.5,-2.2,,,,,,,,,,,,,
90,2019-12-17,11.9,8,101,14.1,1543,,,,,,0,12.3,270,1512,7,270,1520,1.8,1577,3.2,40,2223,56,7.8,1010,1016.5,1,1008.3,1511,1012.1,9.5,.2,,,,,,,,,8.8,7.3,8.1,4.6,,,,,,,,,,,,,
90,2019-12-18,4.4,2,2356,9.5,1,,,,,,9.8,7.3,340,701,4.8,340,707,1.6,1354,1.3,46,1,81.3,6.8,1019.1,1023.7,1012,1015.3,1,1021.3,9.5,0,,,,,,,,,7.4,6,5,-1.1,,,,,,,,,,,,,
90,2019-12-19,2.6,-1.1,552,6.7,1500,,,,,,,12.4,270,1154,6.8,290,1157,2.5,2139,-10.1,21,1522,41.8,3,1019.8,1025,2318,1019.5,1316,1022,9.5,8.4,,,,,,,,,1.8,.8,1.3,-3.4,,,,,,,,,,,,,
90,2019-12-20,1.6,-1.5,635,5.5,1352,,,,,,,9.2,290,1459,5,290,504,2.3,2003,-14.7,17,1500,30.6,2.1,1024.1,1027.6,955,1024.7,53,1026.3,9.5,8.8,,,,,,,,,,,.7,-4.5,,,,,,,,,,,,,
90,2019-12-21,3.2,-1.1,340,6,1338,,,,,,,10.7,290,1342,4.9,290,236,2.6,2229,-7.2,18,145,47.3,3.8,1022.6,1027.4,250,1022.5,1353,1024.8,9.5,4.6,,,,,,,,,4.4,2.5,.6,-3.9,,,,,,,,,,,,,
90,2019-12-22,5.2,2,2136,8.8,1250,,,,,,,6.1,290,1354,3.2,290,1214,1.7,1471,-3.2,41,1252,54.9,4.8,1018,1023.5,149,1016.8,2352,1020.2,9.5,4.1,,,,,,,,,6.3,4.8,2.9,-1,,,,,,,,,,,,,
90,2019-12-23,4.7,1.1,2225,7.5,1015,,,,,,0,10.4,360,1409,7.4,360,1403,2.6,2248,-1,46,1007,66.9,5.7,1018.1,1024.6,2322,1016.4,432,1020.3,9.5,3.7,,,,,,,,,6.3,3.3,3.4,-2.7,,,,,,,,,,,,,
90,2019-12-24,2.9,-1.1,749,7.8,1406,,,,,,,4,290,151,2.8,290,2338,1.6,1386,-6.2,33,1232,51.8,3.8,1023.9,1028,941,1024.2,24,1026.1,9.5,8.6,,,,,,,,,1.3,0,1.9,-2.9,,,,,,,,,,,,,
90,2019-12-25,5.7,.3,324,9.9,1437,,,,,,,9.9,290,1314,5.7,290,1314,2.1,1790,-10.1,11,1223,33.4,3,1019.3,1024.8,1,1018.8,2347,1021.5,9.5,7.4,,,,,,,,,6.4,3.5,2.8,-2.8,,,,,,,,,,,,,
90,2019-12-26,5.2,2.1,2350,7.9,1143,,,,,,,8.2,320,2227,5.5,290,2236,1.8,1537,-4.7,36,1118,48.9,4.3,1011.9,1019,10,1010.9,1602,1014.1,9.5,.9,,,,,,,,,8.5,5.9,3.7,1,,,,,,,,,,,,,
90,2019-12-27,1.5,-1.7,707,5.1,1210,,,,,,,9.5,290,1258,5.3,290,1256,2.3,1978,-13.8,19,1151,32.4,2.2,1019.1,1025.7,2326,1014.8,1,1021.3,9.5,8.8,,,,,,,,,.7,0,.8,-5.3,,,,,,,,,,,,,
90,2019-12-28,3.4,-1.2,407,7.6,1424,,,,,,,5.2,290,43,3,290,19,1.2,1072,-7.7,33,1549,43.8,3.4,1025,1028.8,2246,1025.6,12,1027.2,9.5,8.2,,,,,,,,,3.1,1.4,1.3,-5.8,,,,,,,,,,,,,
90,2019-12-29,5.5,1,430,10.1,1359,,,,,,,3,270,1835,2.1,270,1840,1,831,-4.2,37,1335,49.9,4.5,1023,1028.4,1,1021.6,2341,1025.2,9.5,2,,,,,,,,,6.8,6.5,2.9,-2.6,,,,,,,,,,,,,
90,2019-12-30,6.5,-.9,2400,13.6,1123,,,,,,,14.3,230,1729,6.8,270,2141,2.8,2445,-5.8,15,2315,44.5,4.6,1016.4,1021.7,11,1016.2,1652,1018.5,9.5,7.1,,,,,,,,,3.3,1.8,5.4,-2.3,,,,,,,,,,,,,
90,2019-12-31,-3,-6.4,800,.3,1441,,,,,,,15.1,270,28,7.3,290,427,2.8,2426,-22.3,13,2152,21.9,1.1,1025.6,1030.7,1036,1020,1,1027.9,9.6,8.8,,,,,,,,,.9,0,-.9,-7.5,,,,,,,,,,,,,
